-- MySQL dump 10.13  Distrib 8.0.34, for Win64 (x86_64)
--
-- Host: localhost    Database: tiendacom_wendy
-- ------------------------------------------------------
-- Server version	8.1.0

/*!40101 SET @OLD_CHARACTER_SET_CLIENT=@@CHARACTER_SET_CLIENT */;
/*!40101 SET @OLD_CHARACTER_SET_RESULTS=@@CHARACTER_SET_RESULTS */;
/*!40101 SET @OLD_COLLATION_CONNECTION=@@COLLATION_CONNECTION */;
/*!50503 SET NAMES utf8 */;
/*!40103 SET @OLD_TIME_ZONE=@@TIME_ZONE */;
/*!40103 SET TIME_ZONE='+00:00' */;
/*!40014 SET @OLD_UNIQUE_CHECKS=@@UNIQUE_CHECKS, UNIQUE_CHECKS=0 */;
/*!40014 SET @OLD_FOREIGN_KEY_CHECKS=@@FOREIGN_KEY_CHECKS, FOREIGN_KEY_CHECKS=0 */;
/*!40101 SET @OLD_SQL_MODE=@@SQL_MODE, SQL_MODE='NO_AUTO_VALUE_ON_ZERO' */;
/*!40111 SET @OLD_SQL_NOTES=@@SQL_NOTES, SQL_NOTES=0 */;

--
-- Table structure for table `cliente`
--

DROP TABLE IF EXISTS `cliente`;
/*!40101 SET @saved_cs_client     = @@character_set_client */;
/*!50503 SET character_set_client = utf8mb4 */;
CREATE TABLE `cliente` (
  `idcliente` int NOT NULL,
  `tipo_doc` varchar(60) NOT NULL,
  `nombre` varchar(45) NOT NULL,
  `telefono` varchar(13) NOT NULL,
  `correo` varchar(100) NOT NULL,
  `direccion` varchar(250) NOT NULL,
  `sexo_cli` int NOT NULL,
  `fecha_nacimiento` date NOT NULL,
  `condicion` tinyint NOT NULL,
  PRIMARY KEY (`idcliente`),
  KEY `sexo_cli_idx` (`sexo_cli`),
  CONSTRAINT `sexo_cli` FOREIGN KEY (`sexo_cli`) REFERENCES `genero` (`idgenero`) ON DELETE CASCADE ON UPDATE CASCADE
) ENGINE=InnoDB DEFAULT CHARSET=utf8mb3;
/*!40101 SET character_set_client = @saved_cs_client */;

--
-- Dumping data for table `cliente`
--

LOCK TABLES `cliente` WRITE;
/*!40000 ALTER TABLE `cliente` DISABLE KEYS */;
INSERT INTO `cliente` VALUES (1098,'Cédula de ciudadanía','Maria Camila','67187','marialamejor@hotmail.com','caraño',2,'2023-10-16',1),(1099,'Cédula de extranjería','fernando','303009','fernandj@hoshdd','centro',2,'2023-11-05',1),(1111,'Cédula de ciudadanía','Samuel','345','dfghh@hot.com','Porvenir',1,'2023-11-06',1),(1297,'Cédula de extranjería','Jhon mario','4444567','jhonelsexy','cabi',2,'2023-10-16',1),(2345,'Cédula de ciudadanía','Maria','36474','maria@','porvenir',1,'2023-11-13',1),(7338,'Cédula de ciudadanía','camilo Copete','2839','CAMILA@HOTMHD','cabi',1,'2023-10-10',1),(34567,'Cédula de ciudadanía','marcelo','7273','hhsgd8373','cabi',2,'2023-11-05',1),(108893,'Pasaporte','marcelino Copete','176334','marcelino@paspi','porvenir',2,'2023-11-12',1),(112233,'Cédula de ciudadanía','carol Camila','6273','carolokhsh','medrano',1,'2023-11-07',1),(10773849,'Cédula de ciudadanía','Yari Eliza','3637474','yarieliza@hotma','medrano',1,'2023-11-07',1);
/*!40000 ALTER TABLE `cliente` ENABLE KEYS */;
UNLOCK TABLES;

--
-- Table structure for table `detalle_factura`
--

DROP TABLE IF EXISTS `detalle_factura`;
/*!40101 SET @saved_cs_client     = @@character_set_client */;
/*!50503 SET character_set_client = utf8mb4 */;
CREATE TABLE `detalle_factura` (
  `iddetalle_factura` int NOT NULL AUTO_INCREMENT,
  `producto` int NOT NULL,
  `factura` int NOT NULL,
  `cantidad` int NOT NULL,
  `descuento` float NOT NULL,
  `total_venta` float NOT NULL,
  PRIMARY KEY (`iddetalle_factura`),
  KEY `producto_idx` (`producto`),
  KEY `factura_idx` (`factura`),
  CONSTRAINT `factura` FOREIGN KEY (`factura`) REFERENCES `factura` (`idfactura`) ON DELETE CASCADE ON UPDATE CASCADE,
  CONSTRAINT `producto` FOREIGN KEY (`producto`) REFERENCES `producto` (`idproducto`) ON DELETE CASCADE ON UPDATE CASCADE
) ENGINE=InnoDB AUTO_INCREMENT=29 DEFAULT CHARSET=utf8mb3;
/*!40101 SET character_set_client = @saved_cs_client */;

--
-- Dumping data for table `detalle_factura`
--

LOCK TABLES `detalle_factura` WRITE;
/*!40000 ALTER TABLE `detalle_factura` DISABLE KEYS */;
INSERT INTO `detalle_factura` VALUES (27,7,7,2,0.19,1944000),(28,7,7,5,0.19,4860000);
/*!40000 ALTER TABLE `detalle_factura` ENABLE KEYS */;
UNLOCK TABLES;
/*!50003 SET @saved_cs_client      = @@character_set_client */ ;
/*!50003 SET @saved_cs_results     = @@character_set_results */ ;
/*!50003 SET @saved_col_connection = @@collation_connection */ ;
/*!50003 SET character_set_client  = utf8mb4 */ ;
/*!50003 SET character_set_results = utf8mb4 */ ;
/*!50003 SET collation_connection  = utf8mb4_0900_ai_ci */ ;
/*!50003 SET @saved_sql_mode       = @@sql_mode */ ;
/*!50003 SET sql_mode              = 'ONLY_FULL_GROUP_BY,STRICT_TRANS_TABLES,NO_ZERO_IN_DATE,NO_ZERO_DATE,ERROR_FOR_DIVISION_BY_ZERO,NO_ENGINE_SUBSTITUTION' */ ;
DELIMITER ;;
/*!50003 CREATE*/ /*!50017 DEFINER=`root`@`localhost`*/ /*!50003 TRIGGER `Actualizar_total_venta` BEFORE INSERT ON `detalle_factura` FOR EACH ROW BEGIN
set @precio :=(select precio from producto where New.producto=idproducto), NEW.total_venta= New.cantidad*@precio-New.cantidad*@precio*NEW.descuento;
END */;;
DELIMITER ;
/*!50003 SET sql_mode              = @saved_sql_mode */ ;
/*!50003 SET character_set_client  = @saved_cs_client */ ;
/*!50003 SET character_set_results = @saved_cs_results */ ;
/*!50003 SET collation_connection  = @saved_col_connection */ ;
/*!50003 SET @saved_cs_client      = @@character_set_client */ ;
/*!50003 SET @saved_cs_results     = @@character_set_results */ ;
/*!50003 SET @saved_col_connection = @@collation_connection */ ;
/*!50003 SET character_set_client  = utf8mb4 */ ;
/*!50003 SET character_set_results = utf8mb4 */ ;
/*!50003 SET collation_connection  = utf8mb4_0900_ai_ci */ ;
/*!50003 SET @saved_sql_mode       = @@sql_mode */ ;
/*!50003 SET sql_mode              = 'ONLY_FULL_GROUP_BY,STRICT_TRANS_TABLES,NO_ZERO_IN_DATE,NO_ZERO_DATE,ERROR_FOR_DIVISION_BY_ZERO,NO_ENGINE_SUBSTITUTION' */ ;
DELIMITER ;;
/*!50003 CREATE*/ /*!50017 DEFINER=`root`@`localhost`*/ /*!50003 TRIGGER `Actualizar_existencia` AFTER INSERT ON `detalle_factura` FOR EACH ROW BEGIN
update producto as p set cantidad = cantidad - NEW.cantidad where NEW.producto=p.idproducto;
set @suma :=(select sum(total_venta) from detalle_factura where iddetalle_factura = new.factura);
update factura set total_factura=@suma+(@suma*impuesto) where idfactura = new.factura;
END */;;
DELIMITER ;
/*!50003 SET sql_mode              = @saved_sql_mode */ ;
/*!50003 SET character_set_client  = @saved_cs_client */ ;
/*!50003 SET character_set_results = @saved_cs_results */ ;
/*!50003 SET collation_connection  = @saved_col_connection */ ;

--
-- Table structure for table `detalle_factura_compra`
--

DROP TABLE IF EXISTS `detalle_factura_compra`;
/*!40101 SET @saved_cs_client     = @@character_set_client */;
/*!50503 SET character_set_client = utf8mb4 */;
CREATE TABLE `detalle_factura_compra` (
  `iddetalle_factura_compra` int NOT NULL AUTO_INCREMENT,
  `id_factcompra` int NOT NULL,
  `id_producto` int NOT NULL,
  `cantidad_comprada` int NOT NULL,
  `precio_unitario_compra` float NOT NULL,
  `precio_total_compra` float NOT NULL,
  PRIMARY KEY (`iddetalle_factura_compra`),
  KEY `id_factcompra_idx` (`id_factcompra`),
  KEY `id_producto_idx` (`id_producto`),
  CONSTRAINT `id_factcompra` FOREIGN KEY (`id_factcompra`) REFERENCES `factura_compra` (`idfactura_compra`) ON DELETE CASCADE ON UPDATE CASCADE,
  CONSTRAINT `id_producto` FOREIGN KEY (`id_producto`) REFERENCES `producto` (`idproducto`) ON DELETE CASCADE ON UPDATE CASCADE
) ENGINE=InnoDB AUTO_INCREMENT=61 DEFAULT CHARSET=utf8mb3;
/*!40101 SET character_set_client = @saved_cs_client */;

--
-- Dumping data for table `detalle_factura_compra`
--

LOCK TABLES `detalle_factura_compra` WRITE;
/*!40000 ALTER TABLE `detalle_factura_compra` DISABLE KEYS */;
INSERT INTO `detalle_factura_compra` VALUES (35,9,1,5,2000000,10000000),(39,12,1,4,10000,40000),(40,12,1,4,10000,40000),(41,10,2,3,10000,30000),(47,10,2,3,20000,60000),(48,11,1,12,1980000,23760000),(49,12,2,4,40000,160000),(50,11,8,5,10000,50000),(51,10,6,3,30000,90000),(52,11,3,8,10000,80000),(53,9,4,2,50000,100000),(54,9,5,2,10000,20000),(55,9,7,1,1000000,1000000),(56,12,7,1,1000000,1000000),(57,12,5,1,10000,10000),(58,12,6,1,10000,10000),(59,12,5,1,10000,10000),(60,12,7,1,1000000,1000000);
/*!40000 ALTER TABLE `detalle_factura_compra` ENABLE KEYS */;
UNLOCK TABLES;
/*!50003 SET @saved_cs_client      = @@character_set_client */ ;
/*!50003 SET @saved_cs_results     = @@character_set_results */ ;
/*!50003 SET @saved_col_connection = @@collation_connection */ ;
/*!50003 SET character_set_client  = utf8mb4 */ ;
/*!50003 SET character_set_results = utf8mb4 */ ;
/*!50003 SET collation_connection  = utf8mb4_0900_ai_ci */ ;
/*!50003 SET @saved_sql_mode       = @@sql_mode */ ;
/*!50003 SET sql_mode              = 'ONLY_FULL_GROUP_BY,STRICT_TRANS_TABLES,NO_ZERO_IN_DATE,NO_ZERO_DATE,ERROR_FOR_DIVISION_BY_ZERO,NO_ENGINE_SUBSTITUTION' */ ;
DELIMITER ;;
/*!50003 CREATE*/ /*!50017 DEFINER=`root`@`localhost`*/ /*!50003 TRIGGER `Actualizar_precio_total_compra` BEFORE INSERT ON `detalle_factura_compra` FOR EACH ROW begin
set new.precio_total_compra = new.cantidad_comprada * new.precio_unitario_compra;
end */;;
DELIMITER ;
/*!50003 SET sql_mode              = @saved_sql_mode */ ;
/*!50003 SET character_set_client  = @saved_cs_client */ ;
/*!50003 SET character_set_results = @saved_cs_results */ ;
/*!50003 SET collation_connection  = @saved_col_connection */ ;
/*!50003 SET @saved_cs_client      = @@character_set_client */ ;
/*!50003 SET @saved_cs_results     = @@character_set_results */ ;
/*!50003 SET @saved_col_connection = @@collation_connection */ ;
/*!50003 SET character_set_client  = utf8mb4 */ ;
/*!50003 SET character_set_results = utf8mb4 */ ;
/*!50003 SET collation_connection  = utf8mb4_0900_ai_ci */ ;
/*!50003 SET @saved_sql_mode       = @@sql_mode */ ;
/*!50003 SET sql_mode              = 'ONLY_FULL_GROUP_BY,STRICT_TRANS_TABLES,NO_ZERO_IN_DATE,NO_ZERO_DATE,ERROR_FOR_DIVISION_BY_ZERO,NO_ENGINE_SUBSTITUTION' */ ;
DELIMITER ;;
/*!50003 CREATE*/ /*!50017 DEFINER=`root`@`localhost`*/ /*!50003 TRIGGER `Actualizar_cantidad_precio` AFTER INSERT ON `detalle_factura_compra` FOR EACH ROW begin
update producto p set cantidad = p.cantidad + new.cantidad_comprada, p.precio = new.precio_unitario_compra + (new.precio_unitario_compra*0.20 ) where NEW.id_producto=p.idProducto;

set @suma := (select sum(precio_total_compra) from detalle_factura_compra where id_factcompra=new.id_factcompra);

update factura_compra f set f.total_compra = @suma+(@suma*f.descuento) where f.idfactura_compra=new.id_factcompra;
end */;;
DELIMITER ;
/*!50003 SET sql_mode              = @saved_sql_mode */ ;
/*!50003 SET character_set_client  = @saved_cs_client */ ;
/*!50003 SET character_set_results = @saved_cs_results */ ;
/*!50003 SET collation_connection  = @saved_col_connection */ ;

--
-- Table structure for table `factura`
--

DROP TABLE IF EXISTS `factura`;
/*!40101 SET @saved_cs_client     = @@character_set_client */;
/*!50503 SET character_set_client = utf8mb4 */;
CREATE TABLE `factura` (
  `idfactura` int NOT NULL AUTO_INCREMENT,
  `cliente` int NOT NULL,
  `usuario` int NOT NULL,
  `tipo_pago` varchar(100) NOT NULL,
  `fecha` date NOT NULL,
  `comprobante` int NOT NULL,
  `impuesto` float NOT NULL,
  `total_factura` float DEFAULT NULL,
  PRIMARY KEY (`idfactura`),
  KEY `cliente_idx` (`cliente`),
  KEY `usuario_idx` (`usuario`),
  CONSTRAINT `cliente` FOREIGN KEY (`cliente`) REFERENCES `cliente` (`idcliente`) ON DELETE CASCADE ON UPDATE CASCADE,
  CONSTRAINT `usuario` FOREIGN KEY (`usuario`) REFERENCES `usuario` (`idusuario`) ON DELETE CASCADE ON UPDATE CASCADE
) ENGINE=InnoDB AUTO_INCREMENT=8 DEFAULT CHARSET=utf8mb3;
/*!40101 SET character_set_client = @saved_cs_client */;

--
-- Dumping data for table `factura`
--

LOCK TABLES `factura` WRITE;
/*!40000 ALTER TABLE `factura` DISABLE KEYS */;
INSERT INTO `factura` VALUES (7,1099,18374,'PSE','2023-11-29',3,0.19,NULL);
/*!40000 ALTER TABLE `factura` ENABLE KEYS */;
UNLOCK TABLES;

--
-- Table structure for table `factura_compra`
--

DROP TABLE IF EXISTS `factura_compra`;
/*!40101 SET @saved_cs_client     = @@character_set_client */;
/*!50503 SET character_set_client = utf8mb4 */;
CREATE TABLE `factura_compra` (
  `idfactura_compra` int NOT NULL AUTO_INCREMENT,
  `id_proveedor` int NOT NULL,
  `id_usuario` int NOT NULL,
  `tipo_pago` varchar(100) NOT NULL,
  `descuento` float NOT NULL,
  `total_compra` float NOT NULL,
  `comprobante` int NOT NULL,
  `fecha_compra` date NOT NULL,
  PRIMARY KEY (`idfactura_compra`),
  KEY `id_proveedor_idx` (`id_proveedor`),
  KEY `id_usuario_idx` (`id_usuario`),
  CONSTRAINT `id_proveedor` FOREIGN KEY (`id_proveedor`) REFERENCES `proveedor` (`idproveedor`) ON DELETE CASCADE ON UPDATE CASCADE,
  CONSTRAINT `id_usuario` FOREIGN KEY (`id_usuario`) REFERENCES `usuario` (`idusuario`) ON DELETE CASCADE ON UPDATE CASCADE
) ENGINE=InnoDB AUTO_INCREMENT=13 DEFAULT CHARSET=utf8mb3;
/*!40101 SET character_set_client = @saved_cs_client */;

--
-- Dumping data for table `factura_compra`
--

LOCK TABLES `factura_compra` WRITE;
/*!40000 ALTER TABLE `factura_compra` DISABLE KEYS */;
INSERT INTO `factura_compra` VALUES (9,109387,107780,'Tarjeta de Crédito',19,222400000,2222,'2023-10-23'),(10,1627363,2222,'Efectivo',0.19,214200,3333,'2023-11-23'),(11,19293,134560,'Tarjeta de Débito',0.19,28429100,4444,'2023-11-23'),(12,1077473,18374,'PSE',0.19,2701300,5555,'2023-11-23');
/*!40000 ALTER TABLE `factura_compra` ENABLE KEYS */;
UNLOCK TABLES;

--
-- Table structure for table `genero`
--

DROP TABLE IF EXISTS `genero`;
/*!40101 SET @saved_cs_client     = @@character_set_client */;
/*!50503 SET character_set_client = utf8mb4 */;
CREATE TABLE `genero` (
  `idgenero` int NOT NULL AUTO_INCREMENT,
  `nombre` varchar(100) NOT NULL,
  `condicion` tinyint NOT NULL,
  PRIMARY KEY (`idgenero`)
) ENGINE=InnoDB AUTO_INCREMENT=4 DEFAULT CHARSET=utf8mb3;
/*!40101 SET character_set_client = @saved_cs_client */;

--
-- Dumping data for table `genero`
--

LOCK TABLES `genero` WRITE;
/*!40000 ALTER TABLE `genero` DISABLE KEYS */;
INSERT INTO `genero` VALUES (1,'Femenino',1),(2,'Masculino',1),(3,'Otro',1);
/*!40000 ALTER TABLE `genero` ENABLE KEYS */;
UNLOCK TABLES;

--
-- Temporary view structure for view `mostrar_cliente`
--

DROP TABLE IF EXISTS `mostrar_cliente`;
/*!50001 DROP VIEW IF EXISTS `mostrar_cliente`*/;
SET @saved_cs_client     = @@character_set_client;
/*!50503 SET character_set_client = utf8mb4 */;
/*!50001 CREATE VIEW `mostrar_cliente` AS SELECT 
 1 AS `idcliente`,
 1 AS `tipo_doc`,
 1 AS `nombre`,
 1 AS `telefono`,
 1 AS `correo`,
 1 AS `direccion`,
 1 AS `genero`,
 1 AS `fecha_nacimiento`*/;
SET character_set_client = @saved_cs_client;

--
-- Temporary view structure for view `mostrar_detalle_factura_compra`
--

DROP TABLE IF EXISTS `mostrar_detalle_factura_compra`;
/*!50001 DROP VIEW IF EXISTS `mostrar_detalle_factura_compra`*/;
SET @saved_cs_client     = @@character_set_client;
/*!50503 SET character_set_client = utf8mb4 */;
/*!50001 CREATE VIEW `mostrar_detalle_factura_compra` AS SELECT 
 1 AS `N°_Detalle_Factura_Compra`,
 1 AS `N°_Factura_Compra`,
 1 AS `Producto`,
 1 AS `Cantidad`,
 1 AS `Precio_Unitario`,
 1 AS `Precio_Total`*/;
SET character_set_client = @saved_cs_client;

--
-- Temporary view structure for view `mostrar_factura`
--

DROP TABLE IF EXISTS `mostrar_factura`;
/*!50001 DROP VIEW IF EXISTS `mostrar_factura`*/;
SET @saved_cs_client     = @@character_set_client;
/*!50503 SET character_set_client = utf8mb4 */;
/*!50001 CREATE VIEW `mostrar_factura` AS SELECT 
 1 AS `N°Factura`,
 1 AS `Cliente`,
 1 AS `Empleado`,
 1 AS `Fecha_Compra`,
 1 AS `Tipo_Pago`,
 1 AS `comprobante`,
 1 AS `Impuesto`,
 1 AS `Total_Venta`*/;
SET character_set_client = @saved_cs_client;

--
-- Temporary view structure for view `mostrar_factura_compra`
--

DROP TABLE IF EXISTS `mostrar_factura_compra`;
/*!50001 DROP VIEW IF EXISTS `mostrar_factura_compra`*/;
SET @saved_cs_client     = @@character_set_client;
/*!50503 SET character_set_client = utf8mb4 */;
/*!50001 CREATE VIEW `mostrar_factura_compra` AS SELECT 
 1 AS `N°Factura`,
 1 AS `Proveedor`,
 1 AS `Usuario`,
 1 AS `Tipo_Pago`,
 1 AS `Descuento`,
 1 AS `Total_Compra`,
 1 AS `N°_Comprobante`,
 1 AS `Fecha_Compra`*/;
SET character_set_client = @saved_cs_client;

--
-- Temporary view structure for view `mostrar_producto`
--

DROP TABLE IF EXISTS `mostrar_producto`;
/*!50001 DROP VIEW IF EXISTS `mostrar_producto`*/;
SET @saved_cs_client     = @@character_set_client;
/*!50503 SET character_set_client = utf8mb4 */;
/*!50001 CREATE VIEW `mostrar_producto` AS SELECT 
 1 AS `idproducto`,
 1 AS `imagen`,
 1 AS `nombre`,
 1 AS `descripcion`,
 1 AS `cantidad`,
 1 AS `precio`*/;
SET character_set_client = @saved_cs_client;

--
-- Temporary view structure for view `mostrar_proveedor`
--

DROP TABLE IF EXISTS `mostrar_proveedor`;
/*!50001 DROP VIEW IF EXISTS `mostrar_proveedor`*/;
SET @saved_cs_client     = @@character_set_client;
/*!50503 SET character_set_client = utf8mb4 */;
/*!50001 CREATE VIEW `mostrar_proveedor` AS SELECT 
 1 AS `idproveedor`,
 1 AS `tipo_docu_pro`,
 1 AS `nombre_pro`,
 1 AS `telefono_pro`,
 1 AS `correo`,
 1 AS `direccion_pro`,
 1 AS `tipo_persona`,
 1 AS `genero`,
 1 AS `fecha_nacimiento`*/;
SET character_set_client = @saved_cs_client;

--
-- Temporary view structure for view `mostrar_rol`
--

DROP TABLE IF EXISTS `mostrar_rol`;
/*!50001 DROP VIEW IF EXISTS `mostrar_rol`*/;
SET @saved_cs_client     = @@character_set_client;
/*!50503 SET character_set_client = utf8mb4 */;
/*!50001 CREATE VIEW `mostrar_rol` AS SELECT 
 1 AS `id`,
 1 AS `nombre`*/;
SET character_set_client = @saved_cs_client;

--
-- Temporary view structure for view `mostrar_sexo`
--

DROP TABLE IF EXISTS `mostrar_sexo`;
/*!50001 DROP VIEW IF EXISTS `mostrar_sexo`*/;
SET @saved_cs_client     = @@character_set_client;
/*!50503 SET character_set_client = utf8mb4 */;
/*!50001 CREATE VIEW `mostrar_sexo` AS SELECT 
 1 AS `id`,
 1 AS `nombre`*/;
SET character_set_client = @saved_cs_client;

--
-- Temporary view structure for view `mostrar_usuario`
--

DROP TABLE IF EXISTS `mostrar_usuario`;
/*!50001 DROP VIEW IF EXISTS `mostrar_usuario`*/;
SET @saved_cs_client     = @@character_set_client;
/*!50503 SET character_set_client = utf8mb4 */;
/*!50001 CREATE VIEW `mostrar_usuario` AS SELECT 
 1 AS `idusuario`,
 1 AS `tipo_docusu`,
 1 AS `nombre`,
 1 AS `rango`,
 1 AS `telefono`,
 1 AS `correo`,
 1 AS `genero`,
 1 AS `direccion`,
 1 AS `fecha_nacimiento`*/;
SET character_set_client = @saved_cs_client;

--
-- Table structure for table `producto`
--

DROP TABLE IF EXISTS `producto`;
/*!40101 SET @saved_cs_client     = @@character_set_client */;
/*!50503 SET character_set_client = utf8mb4 */;
CREATE TABLE `producto` (
  `idproducto` int NOT NULL AUTO_INCREMENT,
  `nombre` varchar(45) NOT NULL,
  `descripcion` varchar(250) NOT NULL,
  `cantidad` int NOT NULL,
  `imagen` longblob,
  `ruta` varchar(450) DEFAULT NULL,
  `precio` float NOT NULL,
  `condicion` tinyint NOT NULL,
  PRIMARY KEY (`idproducto`)
) ENGINE=InnoDB AUTO_INCREMENT=9 DEFAULT CHARSET=utf8mb3;
/*!40101 SET character_set_client = @saved_cs_client */;

--
-- Dumping data for table `producto`
--

LOCK TABLES `producto` WRITE;
/*!40000 ALTER TABLE `producto` DISABLE KEYS */;
INSERT INTO `producto` VALUES (1,'portatil','dell',25,_binary '\\\0JFIF\0\0`\0`\0\0\0;CREATOR: gd-jpeg v1.0 (using IJG JPEG v62), quality = 90\n\\0C\0\n\n\n\r\r\\0C		\r\r\0\0h\0h\0\\0\0\0\0\0\0\0\0\0\0\0\0\0\0	\n\\0A\0\r\0\0\0\0\0!\"1AQ	a2Bqbr$%3CRcs\\\0\0\0\0\0\0\0\0\0\0\0\0\0\\00\0\0\0\0\0\0\0!1AQ\"aq#2R\B\\0\0\0?\0\\0P\0PJ\0+@@@@@@A~^6b4\r9we\/mɁ%l:a\nq\)+ \\gN\ݧ\Z\Qn)\vT.V-iRB)/%$k@\=ee\{\\a\zԴڵ\\\:\&\m\8	U\ʴ\\\2H\\a隔Zr\0%{2bUEuN/{\ٽ\Z\;f1x	)Oi\*?`k\1(#@V((((4|i7i= ˥l\,\0\3\/\p\ހRX\\%\I[m\i33jq\rI=\0ǹOZ\:=\;\\\&\OMG/v]cih\b2\+h)i\\OS\\{gY]\Zr\~|+s6\\0d&\\\M\rI6sRзJzC޴\PZ\\\~i{Tk:P\l\\m-\\BƵń?\ܒ\2\S~L\\0	T\#\\ZpM@&\Kr-/UJNpd\0M\	/e[u\ZnnpDo\\)$\\0\n\0(|\;\\Yݪ3P!\cxvec\!\N6ȣ\ͮi`/D!)\n\nH\'\yEsS\м\c-tZ\zFuEUE\2{?8\\\K=U\\\.ʸJ\n$\͞JW%j\k6\Uk4\[\\un\E\p-.\Q\q\5\t?NԵجmK\\TSO>ޫR\\r26\vBz\]\'K[ҍz^v|;R	\R\\YHⲏ\>ufc/\D>|}\Vk}l\\Z[la82\\kQ@<TR\';\ŭҧ,gXj\\n\0\n\Z\MeXBlS\U\\R>\	z\\\=)\^|\\Y[RD\&ؿ\r%ܢ؝W\CPo\ \\\\j.j\f}\\zvҔqMq\^s{\QF0e\TF>|E%=x\0,`+X\k_j4\[\ܺ_s[}c(\\~~\Z+\Ɲ9!`8!\0d|g\0\}\\&\\0Y/rx\\/B=FH.9X\.W\jwN\n$ZK/¸(\>\/[J\&uҨӶ\dmܘ\QV=QzY\כQ\N\pz\T7\.\q\,\\Ói~\:E.w\*0)8W\'[h6?`6\m\^I5P@PB@M\n\'o=^ܛu,\e\\~+t$\\h=o~3J˭\q{\/6\0V\e\\km\I\0w\=@ΝH块\~9\QݖwK\q\>\I~+\\0 \Gӄ/s]r\\\R֬%\Z\e4י=Z\\n	_\\0ε\\W\n\\Pϝ\c\9UJ\֭.Ic\p4Q9R\@ZFsW\:\\0MbOط8¤*(=BY\ն(\jՔ\bO\\m\ͣ4{yW틫1\3\\Wٴ\5Iͣ\"Kܛ\\m\b$V\fKM6$a }\0<\\".dx%\\hr[%	䞂a#N\\"Tk\"\\\\H.*1\IKp_\֘\\"\\ֺ+2-J}]\~]\\\_I8\*\'Z23z\nYf\\}\\4\.RV\n(\'\0K5=(*k=h}X\\\0\Z0	!\j07rS\IPz\-&\\ISy\rz\"\a2\K\\^}@\0];yBs,\\\\]N\%t(\\\\\#JE(	\0\\N\J?s\kg_ݴY\]I\|v\\0(c=\\Z\D\\\\\T\}\2כ)\(چ;:)\A}\\Ik--m⹎T<}R\\0R\"\\\\Zx\ǈ/\\0u\phB\ޣڋSow\\\^Xs\	@B=gp\u\\(7-z\0rkJ$6y2\]AI\0C\\\\ی(cVR<\pd\\$\㠪Լ\4iiD6Q\^\$\O.i\:UvZ\n!Aҷ\Q\o08g)m\X8$yP\!\\P_	-AjD蓕?\P\%;-nQ*RS)\'Az\r&ދ!i\)\Nx@TC\Z\̍\x\\\_OcV\T.B\\d}+׶JT~Ŏ\PD\2\<U^m\ZTZK	~\ЫV3O?;o\\÷],,WMV\9\r!ƵdkW5\\i֗d1oܖ\\i\\\N$hX\TB>`PS};\ZpnU\o|nYJ[Y,(A\\)!m\\6q\\SXYm\$ \(z(r~	&\T5\0\y2\$FjS4N\\-BV$Ò\\i䧁7p\\!	m=Nx]BT|\}Gުpk\m\\41%\\\R:>\ǅ$Gd}\@MEbJ M%`~E\n\\Z\ӨOIR~FJ\x\\'\0\=E`\$;gy\\ӺJ\t^n1\\ZHi.@y*\>\\NJIKM~y=!\l4\\i\b\Ŏ\ChHJG\V\}\0P\0\\\'g/\⛛\'vmcݣ$Wџʯ\M\\}M\^\muXt	|Я\W_lUq\ y\nz\\ZT}\rWHaǜ=$!D.0*HIGzR~H6W\Z\$͉!sЦ\\LJ$	\\0)\0~u_$#S~}>\\\!axAa՜\uF\d;3\7j;\#i{&Bf]hGd\V\+c;+\\\\Z`[a*\iL\\\a|#\Tz\<@@\\nԖ6ˬ&.(\ލ%->\\Zv\)r]\0nP\\2lJ%rX\?\S\=9PVӮ\ۈQBдpAȃ\h̥\\6\պE֠\a\W\0p\09\ԭ848.\\\]_k~4cӥdHp?\\\ƙэ=mR\\g\n\1bm\0{\r@64@@@@GnҽGt\M\$\\ynIIǧ1\\PI0\Hۼt\29\ŭ	υ\c0Wɑ@t{g;5Y\qny\]T\D\0cbI\\0dU`O*\0\n\0\n\0\n\0\n\0\n+@@@\','C:\\Users\\SENA\\Documents\\NetBeansProjects\\Tienda_Com\\target\\classes\\producto\\portatillnovo.jpg',2376000,1),(2,'Porta Celular ','Porta Celular Negro',10,_binary '\\\0JFIF\0\0`\0`\0\0\0<CREATOR: gd-jpeg v1.0 (using IJG JPEG v62), quality = 100\n\\0C\0\\0C\0\0h\0h\"\0\\0\0\0\0\0\0\0\0\0\0\0\0\0\0	\n\\0=\0\0\0\0\0\0\0!1	Q\n\"Aaq2\\#RrB\\0\0\0\0\0\0\0\0\0\0\0\0\0\0\0\0\\0 \0\0\0\0\0\0\0\0\0\0\0\01Q!q\\0\0\0?\0)&ȏrMK\\}ף\Q\>\.\9\\\:(w(d@m@SH\\0\?}U0\:\3:\ϗ]I\\\x:I\#\\0?}CK?p\0g\MU)J \\\\\2u<7r(y{\0\\\شk{,\Z\u<<\I$.\UMc\"\ngT6p)Ja\>/\"\P\0\0z\ÿ\\0^\\fW\ܺB\({`ڕjhH&6\ިzFk\\bf=Ft\$sX\\AB@\m\\2N$gFZ\ԀQ>w#P\JpY\p\\ϐ\\<S[s\	\c0=@|C\\\՘7	#\\W\\G\*\u\R%7K<19P\\.ە5\Z\}yG1DD\3E즖Uz!W*EtLg \Q\4\"q0\0oxP\ƭ-\nʮy\n\ s\N\\Fp{\uݕc~.Mot-El\w(\B\M8n1,H+Hx޼mP*.\\տ-N6ۛ\|\~RI7$mʎ-!Y9S\0$\Q)\Ծ\3\yk ^@ͼ\1>L\\VQ\0#\\\=1s51\R\M!\0\0\0t\<\\G\\)p~?\0`\0ݨ\\&wk\\\iݟ\E\>i\%?xnnJFbdĦT\K\\ >\4\pu\\\T\nҔ\8\Uyq8\CR3QU=C\醋ҘpC\\v\	P]\9*\S\u\h\uM\\5\o)\1\|bL\n\'\VJ\EBa6_\O~.u\(Mv}\:p\"ǯ~*iYS\٫<ۋ)\ӔH@-\U\\4Ѥ؈6ZE\\\g/K\eJ\Jb\\@B3F\\	O*懆XT\:\\\\\zK\\Y\Ȉw$IA\PZ\9DADN\ZE?ݚE8\:\&@Dy5\Δm}mo\}J\\ pW\Zt\\S6\84BTZ\\"@\S!;=\\UMl\B\\\*\'EɮM\\\\V\(^i*\0V\r*\?}S\zqdGa\g\0\0\0Z]\[<c||>:h\+`-\q\\\9@Z4D\jy!\?\\堁>\rU\\0?\t2rbcJIAtsG/9T7dŚ*9x\u Dj\%WUCc\^\#ov\[\7^\6j$\\OP\nᑮQ\\Y4\\J\\nVET*\"C9=\\`\=z\\´vt\ZhDZt\~@xȁ@\C9\]GoѤ\\\Zn.\+\*T+\8WZ\v\5\\nm\:\ tT3T-ͼ{ѷ\H3wAy\T]%\&%\\JR\HVl>m4HB\\2\1>j流{p\\ղl\V\얻tP*g*\Z}H	GRoBŠY\\Ɍ9Z>Ej*0R9c\"\P9j@\\lpQ\Z\nf\\9%R\\[t\\"\\I\5\D0\,D*$#䧡j)\-/MDp\nROU(8g\\0\0d\`\/\\0\0/(IQU\Jk\\\/\u\`=US\nf8@q\%\\>_\MLn_O~:K!Hje\T)NC\0\rrR)!\@ !\@CF\\ޒ\\\ D1\ \"\0\0\0h2y<ξz\\\\u}\?m\Z4h5t[A5R1\Ad	\C)#PNGSP)\\6R^fZbQV\Y \n\\,FM/iM\	V\\NTꈄ9\i*jJ~\f\zI9\(8\pwiYS5T\~v\ed;)+wZnWmAu#\af#\\?Uғ)Dєfn񳴻	:`\\7뷁\3\y+p\"l勸\\}J\\\,QG\dռiQ\h٨D)Qu,gB\ѓۍ\\f4\DJn]Hٛ\xZ\\sh\\\x\ws\r*) zbpwKhl/gUE\\z=\\r\L#f)\#CZN\5\,%ն)؊!ʱH\Z\\聛\\\.\G\oS\\N\jZcjzUYa\"a\Ц\j^S\\,\\<fLuu%iih﹥ӶϪ\\Xji\e\\I[Q\2(\_SO\4\*\Gp4L\iH\MG}\.Lht=?gҧrʙp\=Fn\i+ \,A+	\n\n\;jCT\j\ʆz6mmjv&\0Nw4ky;,3h-|CkXB6Mj1mLP/$8V@#Q6㟬\M.Y[ͶiZ~t\m\B\7M\c\N5d\nb\\C,S1\ފ]عU\7m*\zmߦiS2WHQ4\EF)X\CDMn\d1^{\.\\hf\\nrM\\<_|\R\c\\O.<\]3Ê\!\stH\\0w\FE\s\8\X(9$p\0\΍N?O?\u}\?~^C\thԼep8dp?|s\0\8\rj\\\\\\\\ɸ+[BR+#\\̐R\XşI\!\PQa\\@\0GAry`O,0ƛEOJ7av\G\~\ەd\V$\r4w\\l\\Q\\\0;rޕ\\\Kwl,tJt3ƦE\aFˀ`\:R\B\0A\\bn3\ѐ\}.c\0\DUtf\1\O\!I]\LvIn*\\\&;\ڶ\;*\CLELR7B#\Ļm6\$\\EM~\\\-y-\>X\H[vBZ.z\r$f\DxD%Å{16\/\ێ\\\(\\\;-*mSBd\O,\	ISlt\\4{\]\\W\P\}#UHۈJeJN 2\~E\[;M\\\"dܘ{!\2\&DP6{r%\AM\\\ GGvȡjl\\,agL!²\1L,z6r\\\j>\\\\\غx:\N|\"B\\MeA\*TL\SLGD7kn\[3[e[\"\Bj\"%*JaUI\naø\;\+M\WAp\\"<0?\ΡxϷwR\0Zܫ\g^3M-HHP\\\\ZNb%eSed\nR[C3\\\J\4eyf\2\;JTPF!\'OT-V`U?Ö.ەFl\&@5\2.)id*o\P@\PR\08xC|dq\JbF$S:Wl	Kݤ\0<g\7!\\"\h0\#nej\\tU-)J-O3H<\YQFRt\+ɽl\nRڰj\C\\q\_U\\,\W48&\E^\n *\!=G)\60ʹ: T\\A\r[}\\^!\\Y䌔{\r-/Ṉi\ȩ6\"ͤ!&H7v~\\5@\k=yh\d\\0uP\,\R*%008%)i<xG\8\t	;\otM,ݺ\\W:\\\'GJ\ \j\\\"\0LV(\\1\%^oOT\E%$U0Vޛ+\\J\'(\s\b 2ʨ 	C\Ztk\\m\\\0\\nY\+&@\R\DTQ@\02\\" \06Kj\v[c]ѷ\rd\Y\^ \\n\:hQq^F\!v\\3da5r\e\\\Tܼ\SRu\%E0m\\]*-R\0\'\0\I\h~gK\r-M׹E\w\AHhjHt#*Q\0BJ&,#\ZLwtݞwvb\n\vsC\U`z\\X\\\\\%dz~\"y\PP>!8\-\\/\؞Gm\@JjB\H2F8	F	:\2)!V\+%1߁\Jb\9\Z\\\Zf\?VY\"MfT7E(D9;B\\sPğ\~G\\vn)(kI=Rqg9$-T\t]Lp\"m\rl]|\tXQpN15;\Ȥle	ry[Mz0\Z	\Z\=pHRY\\\PC1iA@$ <$BHϷ\c1$\rKR.\\Y\\\nEW3$qw!M\Zje\\P\c)=Q1\(qiTldj.\œD) 4K&SX\-QjL-A\i\J8\KVOc[U\\[H]fh}i(8\0h\wjݫxPq\\\p|B<\lPAdRne	HP\\nD)(\0RkV,\r$|\5ut\\RZBDUq\0:/g 9*D\Ӕ6˵\۷[ptͩ\|v5&\LM\OT2*\n\ӄn\\\\"\jHa{AQ\3\\AnȎ=I|3\0c \\CA5 4\\Wk@\厼h21\ d`<<t\<3\\9\s\T́î\ZlB\\"v\\!)D˧\0:j\{Bђ\n	\'Iw=\Z4kkVJwJI\\nb8uYQ+Ü\;\g8\WDtxbt\0T\\Z\a(\0`\nRC\0-\Z4-!#JntA0\b&\0\\08Ǘ-xVș\<\0\z|<4h\|\p\]\raa~#\\:[A\\1\\0?>?\Z\n\\*\rA\q\\\:}5\V\\I .BUqW2 n  \r\Z4\\\hɠJn=\Ma\"ep@)\Hl\xy0\f\Z\','C:\\Users\\SENA\\Documents\\NetBeansProjects\\Tienda_Com\\target\\classes\\producto\\porta-celular.jpg',48000,1),(3,'MEMORIA','KISTONG 64',8,_binary '\\\0JFIF\0\0%\0%\0\0\\0C\0	\n\n			\n\n		\r\r\n\\0C	\0\0h\0`\0\\0\0\0\0\0\0\0\0\0\0\0\0	\\0<\0\0\0\0\0\0!1AQV\	\"a2BRq#3brS\\0\0\0\0\0\0\0\0\0\0\0\0\0\\0/\0\0\0\0\0\0\0\0!1AQa\"q2\\B\\0\0\0?\0z5O\\[\nUy\\\MS*\\\hB}^kq4ST>ʯ5\ZЩeW\}\r\0\T\?\n>t*j\\U\C@:5O\\[\nUy\\\MS*\\\hB}^kq4\\\n@(\0P\n@(\/1m\l$\f\[i\\+B\~$ݸ\<MXo[#\<UA=!\BR\n<UT\'\Zqm\"\\PY$\^y\C\()I \"-?thύ{eGb\w+\"1aB\Q\+b	\0J9)T]\Dϋs\0Y1W:qc\Z\cnS~%\/m\AYJ8T\\\~o\}\pV\$fUF\|\\ǋ ra\\\m<d $}[\OuS9q\Ⱥ\Ygq$\0A\nɄ-(\mG^[\Bw\Sj\$j\15WȪv+4{\\\P嬩\|F+rTUG\$uת\99I\yzZP)ƕ\Zj1Zf~v׎T\!Y!qA;\\\O\D]Cw\.%hC\\\"\Js\%e\0Ӗv\3\,-\\\E)Ry) q\r*~\k\zL\e5\.5pƧ\=m\\\6#\dCT\\ebۍǑ-\y+I\>9\}\'ޢH\\Xb{\Q,\\\7\\WO\\\\`0\yl\0:\/poiΥT?\P\n@(\n\:x\\\\\.\\w&\\q\T\۱\nPQ\*\?eS^(\茏×%\$\߶-&\7a\|B]C\|tP\\\CRAW_>[ur&=\Zv͛m</\L&[h Cd\0eAĺB?(X\rs3\!\\\r\f\\\{(7[i=m\y،s-nmuJJ<$ow\;74C(HB[\+o\ܖ0_Byl\@ \\\lc\J\\\ݵ\\930m\z\\MP\n\\`^mHɇ5ǐ˃t\\R\$Q<h\IZ\[3冚m\ZW\Y(Z\\tw\M/h\\0\\œ\j\/O\#t7\؁\TI\da̶\㉰!\\D7\\$))p\n;P\\۩ɜY;ag\\\m\S\)\"\.\gZ\2\qY;ʤ\]\EZǥw? \6\N߼vK\RU\\:\7gf\\JRվOr\\8\\\)8\hN\7ipDTB\q\τd8\<E\^\rVoĥºbH\eϱ\r\\U0xN~]\+Ү|ZV\\y\}n̎Eh`W%\n\\\U%@(Y\4g\NHd\XU.\\-)\7x7%=8_\\\5\\ūL\n\n)mgm\cP\R\w\̥gY\0\\5$up\n\+q}|\;%;rηm\ݚXmVө\䫁dZߡ\"Z$\\Vɓl\G\**W!n3 @P\;>`\Gtp\)7\\3Z]\\{;{1-A\l\b\\ş\cI	\8N U\\\\\w\i;J\	\0\;JPk8	YII)\\\\]9\\\30\\QvY\\\HEn[u_W^\jݳ\"qt׊6~_\2$lw<\\\6Gɧ,gK\\\hpc\I\ۮ$!c+W.ޝ}UMٝ7v6\\\xz<?\FH\\\\0\\iPf\\Z\\1qɌ{숳w\~Ƒܢ;*\xԮ>\r:f\誂\8\Z%\`\{\\rthٲ䱴\g\\\GRfj\\'\I~3\~/bǋX2\/pg\g(W\'ޜ\Vk\7\\{\'\Z9g\ȉ\Odvxȼ\\K[\ٵ8\\BV\\HoֽʜH<>gNwO\^ua,Qb&u\r\\a2\\t4B\\֓׽u͛8\\f2\d\y\\\;Gw8:\0^\\uVݪ6\3\9\f1o\\-\\I<\\۶\ۘ|e%þ+\\+rFɻ\W\\6\.w\\c\nL\\r>\\\w[FQ\KSIIBԶn{\\P\n@E\+F2o\-T71 \\0MS5(IE\FBqm[S	o\a\\rp\6Y23n9\Zj:\\*J.ȳN\&lv\e\/N06c8G\nI\\]RlB5\\WY<\\s\n\ZTsvy\U\\\٥{<m[S\\Y\?\^܆é#}<\hٜc#z\\\[\"\r\\9k\vE\˼S\09#/J\ܱdKnwv\$%Hl6\o\Z\}\Z\Z-\t4\'\\AI>h0r\5bFz[\X\r\\:\)7daͱІL\rk#c\\-.=\)WW\l\RСخGgݕ%P\n2}ZjgF\y\qO$>\\;~`8{\{\Ϟק\\g\3^b}8Kúy\փߘ\\\UCX-ݤ>\<\3P\1\\)\\cn\"d5Zy8ÊR\U\0Uw@\\[6\:\s罖\\!=kSkJ{Jv߬\jY\:\.F仌\\\QnlE\\\=\\\0\ZŒmԇL\QhP\n\x*>\D4ʵޢ9Kd~\rr؃\@FN4FQ\Y7\?\-?\\\\oCs:߷%\+3\r֌\%\g8ksfq	z!R?T	\0E\ZV\m\kvIn\\+l/\n\nK-\\n{..96\"<5HP\n@(\0\3[%\;,#\Fv\+a\n\&\N\AǷzf\nD%+\"\\\\v\r&\\uR\f\5N /\zj8>({%5\&\\X{]\dͮ\o\nt4\v\m=#JNo9]F*+(U`Ƞ\nS*\\M^^Uq\Tʯ*\\W\0\W\\}u\0\\?rʮ>t\\9U\W]@:jO\򫏮5zUyU\\PS*\\M^^Uq\Tʯ*\\W\0\W\\}u\','C:\\Users\\SENA\\Documents\\NetBeansProjects\\Tienda_Com\\target\\classes\\producto\\momoria64.jpg',12000,1),(4,'Mause Inalambrico Negro','Gamer varios colores \nGarantia 2 años',2,_binary '\\\0JFIF\0\0H\0H\0\0\/\nPhotoshop 3.0\08BIM\0\0\0\0\0,Z\0%G\0\0B7\020200721<\0124448+00008BIM%\0\0\0\0\0lD.w@q&\'ǐ8BIM:\0\0\0\0\0\\0\0\0\0\0\0\0\0\0\0\0printOutput\0\0\0\0\0\0\0PstSbool\0\0\0\0Inteenum\0\0\0\0Inte\0\0\0\0Clrm\0\0\0printSixteenBitbool\0\0\0\0printerNameTEXT\0\0\0\0\0\0\0\0printProofSetupObjc\0\0\0\0A\0j\0u\0s\0t\0e\0 \0d\0e\0 \0p\0r\0u\0e\0b\0a\0\0\0\0\0\nproofSetup\0\0\0\0\0\0\0Bltnenum\0\0\0builtinProof\0\0\0	proofCMYK\08BIM;\0\0\0\0-\0\0\0\0\0\0\0\0\0\0\0printOutputOptions\0\0\0\0\0\0\0Cptnbool\0\0\0\0\0Clbrbool\0\0\0\0\0RgsMbool\0\0\0\0\0CrnCbool\0\0\0\0\0CntCbool\0\0\0\0\0Lblsbool\0\0\0\0\0Ngtvbool\0\0\0\0\0EmlDbool\0\0\0\0\0Intrbool\0\0\0\0\0BckgObjc\0\0\0\0\0\0\0\0\0RGBC\0\0\0\0\0\0\0Rd  doub@o\\0\0\0\0\0\0\0\0\0Grn doub@o\\0\0\0\0\0\0\0\0\0Bl  doub@o\\0\0\0\0\0\0\0\0\0BrdTUntF#Rlt\0\0\0\0\0\0\0\0\0\0\0\0Bld UntF#Rlt\0\0\0\0\0\0\0\0\0\0\0\0RsltUntF#Pxl@R\0\0\0\0\0\0\0\0\0\nvectorDatabool\0\0\0\0PgPsenum\0\0\0\0PgPs\0\0\0\0PgPC\0\0\0\0LeftUntF#Rlt\0\0\0\0\0\0\0\0\0\0\0\0Top UntF#Rlt\0\0\0\0\0\0\0\0\0\0\0\0Scl UntF#Prc@Y\0\0\0\0\0\0\0\0\0cropWhenPrintingbool\0\0\0\0cropRectBottomlong\0\0\0\0\0\0\0cropRectLeftlong\0\0\0\0\0\0\0\rcropRectRightlong\0\0\0\0\0\0\0cropRectToplong\0\0\0\0\08BIM\\0\0\0\0\0\0H\0\0\0\0\0H\0\0\0\08BIM&\0\0\0\0\0\0\0\0\0\0\0\0\0\0\0?\0\08BIM\r\0\0\0\0\0\0\0\08BIM\0\0\0\0\0\0\0\08BIM\0\0\0\0\0	\0\0\0\0\0\0\0\0\08BIM\'\0\0\0\0\0\n\0\0\0\0\0\0\0\08BIM\0\0\0\0\0H\0/ff\0\0lff\0\0\0\0\0\0\0/ff\0\0\0\0\0\0\0\0\02\0\0\0\0Z\0\0\0\0\0\0\0\0\05\0\0\0\0-\0\0\0\0\0\0\0\08BIM\0\0\0\0\0p\0\0\\0\0\0\0\\0\0\0\0\\0\0\0\0\\0\08BIM\0\0\0\0\0\0\08BIM\0\0\0\0\0\n\0\0\0\0\0\0\0\0\0\08BIM0\0\0\0\0\0\08BIM-\0\0\0\0\0\0\08BIM\0\0\0\0\0\0\0\0\0\0@\0\0@\0\0\0\08BIM\0\0\0\0\0\0\0\0\08BIM\Z\0\0\0\0[\0\0\0\0\0\0\0\0\0\0\0\0\0 \0\0 \0\0\0\0I\0M\0G\0_\02\00\02\00\00\07\02\01\0_\01\02\04\04\04\07\0\0\0\0\0\0\0\0\0\0\0\0\0\0\0\0\0\0\0\0\0\0\0\0\0\0\0\0\0\0\0\0 \0\0 \0\0\0\0\0\0\0\0\0\0\0\0\0\0\0\0\0\0\0\0\0\0\0\0\0\0\0\0\0\0\0\0\0\0\0\0\0\0\0\0\0\0\0\0null\0\0\0\0\0\0boundsObjc\0\0\0\0\0\0\0\0\0Rct1\0\0\0\0\0\0\0Top long\0\0\0\0\0\0\0\0Leftlong\0\0\0\0\0\0\0\0Btomlong\0\0 \0\0\0\0Rghtlong\0\0 \0\0\0slicesVlLs\0\0\0Objc\0\0\0\0\0\0\0\0slice\0\0\0\0\0\0sliceIDlong\0\0\0\0\0\0\0groupIDlong\0\0\0\0\0\0\0originenum\0\0\0ESliceOrigin\0\0\0\rautoGenerated\0\0\0\0Typeenum\0\0\0\nESliceType\0\0\0\0Img \0\0\0boundsObjc\0\0\0\0\0\0\0\0\0Rct1\0\0\0\0\0\0\0Top long\0\0\0\0\0\0\0\0Leftlong\0\0\0\0\0\0\0\0Btomlong\0\0 \0\0\0\0Rghtlong\0\0 \0\0\0urlTEXT\0\0\0\0\0\0\0\0\0nullTEXT\0\0\0\0\0\0\0\0\0MsgeTEXT\0\0\0\0\0\0\0\0altTagTEXT\0\0\0\0\0\0\0\0cellTextIsHTMLbool\0\0\0cellTextTEXT\0\0\0\0\0\0\0\0	horzAlignenum\0\0\0ESliceHorzAlign\0\0\0default\0\0\0	vertAlignenum\0\0\0ESliceVertAlign\0\0\0default\0\0\0bgColorTypeenum\0\0\0ESliceBGColorType\0\0\0\0None\0\0\0	topOutsetlong\0\0\0\0\0\0\0\nleftOutsetlong\0\0\0\0\0\0\0bottomOutsetlong\0\0\0\0\0\0\0rightOutsetlong\0\0\0\0\08BIM(\0\0\0\0\0\0\0\0?\0\0\0\0\0\08BIM\0\0\0\0\0\0\0\0\n8BIM\0\0\0\0!\\0\0\0\0\0\0\0\0\0\0\0\\0,\0\0\0!\0\0\\XICC_PROFILE\0\0\0HLino\0\0mntrRGB XYZ \\0\0	\0\01\0\0acspMSFT\0\0\0\0IEC sRGB\0\0\0\0\0\0\0\0\0\0\0\0\0\0\\0\0\0\0\0\-HP  \0\0\0\0\0\0\0\0\0\0\0\0\0\0\0\0\0\0\0\0\0\0\0\0\0\0\0\0\0\0\0\0\0\0\0\0\0\0\0\0\0\0\0\0\0\0\0cprt\0\0P\0\0\03desc\0\0\0\0\0lwtpt\0\0\0\0\0bkpt\0\0\0\0\0rXYZ\0\0\0\0\0gXYZ\0\0,\0\0\0bXYZ\0\0@\0\0\0dmnd\0\0T\0\0\0pdmdd\0\0\\0\0\0vued\0\0L\0\0\0view\0\0\\0\0\0$lumi\0\0\0\0\0meas\0\0\0\0\0$tech\0\00\0\0\0rTRC\0\0<\0\0gTRC\0\0<\0\0bTRC\0\0<\0\0text\0\0\0\0Copyright (c) 1998 Hewlett-Packard Company\0\0desc\0\0\0\0\0\0\0sRGB IEC61966-2.1\0\0\0\0\0\0\0\0\0\0\0sRGB IEC61966-2.1\0\0\0\0\0\0\0\0\0\0\0\0\0\0\0\0\0\0\0\0\0\0\0\0\0\0\0\0\0\0\0\0\0\0\0\0\0\0\0\0\0\0\0\0\0\0\0\0\0\0XYZ \0\0\0\0\0\0Q\0\0\0\0\XYZ \0\0\0\0\0\0\0\0\0\0\0\0\0\0\0\0XYZ \0\0\0\0\0\0o\0\08\0\0XYZ \0\0\0\0\0\0b\0\0\0\0\XYZ \0\0\0\0\0\0$\0\0\0\0\desc\0\0\0\0\0\0\0IEC http://www.iec.ch\0\0\0\0\0\0\0\0\0\0\0IEC http://www.iec.ch\0\0\0\0\0\0\0\0\0\0\0\0\0\0\0\0\0\0\0\0\0\0\0\0\0\0\0\0\0\0\0\0\0\0\0\0\0\0\0\0\0\0\0\0\0\0desc\0\0\0\0\0\0\0.IEC 61966-2.1 Default RGB colour space - sRGB\0\0\0\0\0\0\0\0\0\0\0.IEC 61966-2.1 Default RGB colour space - sRGB\0\0\0\0\0\0\0\0\0\0\0\0\0\0\0\0\0\0\0\0\0\0desc\0\0\0\0\0\0\0,Reference Viewing Condition in IEC61966-2.1\0\0\0\0\0\0\0\0\0\0\0,Reference Viewing Condition in IEC61966-2.1\0\0\0\0\0\0\0\0\0\0\0\0\0\0\0\0\0\0\0\0\0\0\0\0\0\0view\0\0\0\0\0\0_.\0\\0\\\0\0\\\0\0\0XYZ \0\0\0\0\0L	V\0P\0\0\0W\meas\0\0\0\0\0\0\0\0\0\0\0\0\0\0\0\0\0\0\0\0\0\0\0\0\0\0\0\0sig \0\0\0\0CRT curv\0\0\0\0\0\0\0\0\0\0\0\n\0\0\0\0\0#\0(\0-\02\07\0;\0@\0E\0J\0O\0T\0Y\0^\0c\0h\0m\0r\0w\0|\0\0\0\0\0\0\0\0\0\0\0\0\0\0\0\\0\\0\\0\\0\\0\\0\\0\\0\0\0\r%+28>ELRY`gnu|\\\\\&/8AKT]gqz\\\\\0!-8COZfr~\\\\ -;HUcq~\\\\r+:IXgw\\\\'7HYj{\\+=Oat\\2FZn\\		%	:	O	d	y				\	\	\n\n\'\n=\nT\nj\n\n\n\n\\n\\n\"9Qi\\*C\\u\\r\r\r&\r@\rZ\rt\r\r\r\\r\\r.Id\\	%A^z\\	&Ca~\1Om\\&Ed\\#Cc\\\'Ij\4Vx\&Il\Ae\@e\ Ek\\Z\Z*\ZQ\Zw\Z\Z\\Z\;c\*R{\Gp\\@j\>i\  A l  \ !!H!u!!\!\"\'\"U\"\"\"\#\n#8#f##\#$$M$|$$\%	%8%h%%\%&\'&W&&&\\'\'I\'z\'\'\(\r(?(q((\))8)k))\**5*h**\++6+i++\,,9,n,,\--A-v--\..L...\/$/Z//\/050l00\11J1112*2c22\3\r3F3334+4e44\55M55\5676r66\7$7`77\88P88\99B999:6:t::\;-;k;;\<\'<e<<\=\"=a==\> >`>>\?!?a??\@#@d@@\A)AjAA\B0BrBBC:C}CDDGDD\EEUEE\F\"FgFFG5G{GHHKHH\IIcIIJ7J}J\KKSKK\L*LrLMMJMM\N%NnNO\0OIOO\P\'PqPQQPQQ\R1R|R\SS_SSTBTT\U(UuU\VV\\VVWDWW\X/X}X\Y\ZYiYZZVZZ[E[[\\\5\\\\\]\']x]\^\Z^l^__a_``W``aOaabIbbcCcc\d@dd\e=ee\f=ff\g=gg\h?hh\iCiijHjjkOkklWlmm`mnnkn\ooxo\p+pp\q:qqrKrss]sttpt\u(uu\v>vvwVwxxnx\y*yy\zFz{{c{\|!||\}A}~~b~\#\G\nk͂0W\Grׇ;iΉ3dʋ0cʍ1fΏ6n֑?z\M _ɖ4\nu\L$h՛BdҞ@iءG&v\Vǥ8\Zn\Rĩ7u\\\ЭD-\0u\`ֲK³8%yh\YѹJº;.!\nzp\g\\_\\\X\\\Q\\\K\\\F\\\Aǿ\=ȼ\:ɹ\8ʷ\6˶\5̵\5͵\6ζ\7ϸ\9к\<Ѿ\?\\D\\\I\\\N\\\U\\\\\\\\d\\\l\\v\ۀ\܊\ݖ\ޢ\)߯\6\\D\\\S\\\c\\\s\\\\r\\\\2\\F\\\[\\\p\\\\\(\\@\\X\r4\P\m8\W\w)K\m\\0Adobe_CM\0\\0Adobe\0d\0\0\0\\0\0			\n\r\r\r\0\0\0\"\0\\0\0\n\?\0\0\0\0\0\0\0\0\0\0	\n\0\0\0\0\0\0\0\0\0	\n\03\0!1AQa\"q2B#$Rb34r\C%S\cs5&DTdE£t6\U\e\\u\F\'\\\\\\Vfv\\\7GWgw\\\\05\0!1AQaq\"2B#R\3$b\rCScs4%&5\\DTdEU6te\\\u\F\\\\\\Vfv\\\\'7GWgw\\\0\0\0?\0TI%)$IJI$RI$I%)$IJI$RI$I%)$IO\TI%)$IJI$RI$I%)%_3?W7\"j>絀\V%\0\\N\^S\\k{ZڿDi.J\\\Z\S{C\0\0ώV\\K\{\0\ҥ=\ZK3\\'Dȍu\kV\\\\0\ZujIKI)I$J\TI%)$IJI$;\m\muW=\\0\RD\L\Zs1\gҲ\\r\:\ʢ\:%c!\AʲEC*w.uN\rvege\\^=|{+\\bJ{ί3\mf\X˵\k/85\\(Ĭ}\'[/\\\.\Ms\0Mzc5\*\+2\\\O\r&\\\\2^\\0e-\mѬo\o\\\\eT\6\u\\6e\\\v۞\s\-\V\WSCꖏ\,\0\?/T\\ֺک\ikݐ\9\][\\0\*t\58\\}\ѱQHs+]\\r?\~V\1\e\\Ǽl,{\õ\\\k\\\0\تq\)u.Ԭ\{ki\fo꟭\Z\\\uP\Zt]\'D\~ֳJ\\\Ѥ·1\V;?b p.\0۵>Ӂ.7MA\w\yC\0Al#?Cc\\\\\\mGwf+cg\u\?\0\SI$\TI%)$;\\eW]qoQɟBo\d[3\\0.Ĕ\ּYkϩ~C:\?sү\\_\}n\\}\\\\0\\qgYnF]\\\yגK;\( hQte亲Sp8F`\^\0\u^\Jsr:9ۄ,\m퍶;\\\\?\0x]3+\Ex\$\\r,o\K+\\U2멘\0;G\qn\2sv\1\?IOU4\"מ\1\\\~&\rd^es\}T\mǿ}W`\ش\:vefĲ\mu\c+;\-\0ξ\I)\\ůY\۳\\0\:iߧ\W[1\0D2rrcȴ\\w\'\Z}7\\[=Glܛ_q\\ʶ\Yg\\\\^\0Z\]\0E=N\fd5S]E9%9xYy66\\0A\\h[Gt\=N\Kz}\ɶ\{1\\U>\\ߋ\\=7\>\v\\'7M8lYI3撛3ib\kѺX\\\}_ķgK\0I\\k\\q?G\\0\\0\\0jȾ1\m\UX\\\Z\p\X\5Yamb\\O\nݔ\\\0T:OV\MxV\\X\Z\f\[W	!}T\y}FϪX\\\%;\\\z~{\WOR\[Q8%\Zp?ScYfk#\S30^2-i05\ǟ&MH)\.6PX\\\{Ƭw-VW\'3cd6\egk\0&\Sr\S\TX[\}\\\\BF.4\]C\\0\\IL~}n\\Z\/\W\\Yzǹ\0\\T\\δߕ{[k\Z\u3M\n\e\s7\^wYa\`\0UF\01\ZAI+b\k\\r\\\0)\LkZ\emm\:P.\E:4H\wg\0һY\e\ϝu2Ƿ}\n?{o\0&6[[&\\\\\\nZy\t^C!\0N\z\\\%Y5~\\Zw\\\v\c\0\H3\\\\N\\g7}-\Z4\0<N\Z\41\Z8LQR΃\B@\OrJHQ)7sJ\yojǫ:T\E\0M\\W\0^Jwt2ծdۑ5\5>\r\i\0\0adg\Gzn\\\N\[u\\\h\0\0]_מ:?Mf	mY\\\\h\T\\0z\,\ls\k\X\jʩ\0ϸ\\0\\\\鮫,^\5\\\\\\h{\\kwY=n\0s\K\|L\0\ܵ\\\\ly\\0A%<o\Nޝ\\JM\\\r\Z	;\0EZ^\o\\\|u2|\^\U\\\\\\mtX\$\vz{?\\k1\0T\m\0&J@\Z\q\\O\0\\T\\0<\:ӉAcO\P\Mn\A(e5\\>\K$\0w\=\\\\c\_H\Ʒ}{6Ü\3_O?F\ut?R;c1%Unz_\},g\"\/\Ƴ3&\C\\\C[X\eU\0%>[\3\ͯ\6۶Yw>?6\\sK5TY[kn\ܞI\-.\2:\s\oS}\ElQoӺϧ}\0\\TʃS!7ּ53\C<Lw\Z\X\82\%\{\\cG\9\\\\\NeE\k\ߴ\\[E;ϻ\bb3%\\>\Γ\:V84^\kgd\0_\k5+\\\\=;oY\mn7\03{s_Π\fW֎\zcVI,\rlm\쮯}\0<\R\:Halٺ\\ZCZ\\eM}\\hǫ+\2ב\}\\?W]ޟǮ\N\x׺^[%\.|{Cy\rJe\V^\\{y_g\\,\\`\\0Ihf͢}ն^gBcf\SE\}y\\;2\P߄\0ЧJy\7?W\j\h_@fo֎_#)\0?\0<{E\U\\0_)z:}F\\\\0_\XS*Ƹ:\5\\v\\\E?\Z1\c9xcHd8\_Q~3\۶хcH/s7#\~\\\0Ū\\f=:\۳I.,\\r~\6\,s\GQ*]M\\\Xv9C6\kma\\0\q=\{\~Zߦ\\Z\\\:f3=Wc՟\\\0\g\U\=0tˋ%\}%m}k\{\s?\=N}$	%%,P\TTx[;\0N\\`c?\-R-\\r\rU\98l\0-LL\ىg\vX\\}\Y\6\0K?ìlߐfsN̐7>\\o\?\=\Z?­JX\Z\'.{;,\c\uo\\ǭ\t 7\'m-6\Z\tc=u\\I\0\-[\~OEeۨvs\\\(\'\wc\'\:[*1\\O\\ξ\}ߢEeq.\0h.\0Z*rʥηd\\0џ\\hc\4\_ge\\0ʿ\\\v\\\Qc\7=\>\0\'\Iڼ&\\srݏA\\O=\r6\0\\}6\몆\\07ZJ{?ы3z\\X1\۲\\\\0Ef]\\t>\\;\\\X\0߱\Ծ\\\\\i\"\U\gF\\\\\\\@ݤ9m\\1\0;譭o~}S\-\\ZQc\d\d{+iT9Cҷ\Oqw^\5\A\\??\\\SK辶\M-湧G1\w\ro\\;\wP\\\rSHK\\r\'U.v׽\_\$I\'Ru%)UhU<z\'\b.\\Su-<4+<\\y\0-?\"w\.w\\:F{3\1\Z\\q\0=IJ%vϵ?\W\\z\y\6>:\Q\q\n;C\\0ݫ5on\aku\\0By\J{P98b\H;\\Ze\03\wk?E\\\8W\\pSMW#.ã\\g+K\0\U/\-\f\\\\z\3\P\>\F\\z_\\0/\N\L:\T\\Gw9\\\.SzWH\V\;C\\i\m~\\rݻ?\[k\\\ecW~݌5\QaOc\^[0z\Y\V\\\p\\]t/7?{7Q/\\\G\\\Ҳ\\1\;dco~\]\C*h1o\0\?\NV\׽UmR,{Y[?:\g\}=J\\\RI$\0\TI%)$IMlԱ\/Pǯ*jk\x\\\Eퟦ\\=_\"\f-8-\"=\Z\\>\˭\0vJ|\\\O\\\ka-P?\KW|hi\0ы\RIO\#On\0oM\0_r\]zI)d\0˗\0\;&:\Z>՛s\;\ru\0gұ\0*SGt^\0\m^;	tIq.w\{\\\X?Y\_\:s\Jhʱ}~n\vg*\0C׿\\oֿ}S=\sf?u\U\7~\\Q\mL\S\\LkS1=v`\r\-ݳ\[Xu^\3<\rCúf5v۷\]\ԡֲV]}\VvM\"ꙺK.\\\u\0\\0B\G=\"YgH\tWk\<s\0^\R\)6\0\\\\WW\f\\t\=@?:\~\n\5\0\\-c!\r\0F;\\8\RE\nI$S\TI%)$IJI$RI$I%)$IJI$S_7>\Q^M2\\\\E\_\GkZƆ\ZѠ\0v	\IJI$RI$\0\8BIM!\0\0\0\0\0U\0\0\0\0\0\0\0A\0d\0o\0b\0e\0 \0P\0h\0o\0t\0o\0s\0h\0o\0p\0\0\0\0A\0d\0o\0b\0e\0 \0P\0h\0o\0t\0o\0s\0h\0o\0p\0 \0C\0S\06\0\0\0\08BIM\0\0\0\0\\0\0\0\0\0\0\0\0\0\0\0\0\0\0\0\0\0\0\0\0\0\0\0\0\0\0\0\0\0\0\0\0\0\0\0\0\0\0\0\0\0\0\0\0\0\0\0\0\0\0\0\0\0\"\0\0\0\0\0\0\0\0\0\0\0\0\0\0\0\0\0\0\0\0\0\0\0\\0(\\\0\\0(\\\0\\0(\\\0\0N\\0,\\\0\\0(v\'\0\\0(v\'\0\0;\0*\0;\0*\0;\0*\0\0\N\09\0\N\09\0\N\09\0\0؝\09\0؝\09\0؝\09\0\0;\0:\0\0\0;\0:\0\0\0;\0:\0\0\0\0\0\0\0;;\0\0\0\0;;\0\0\0\0;;\0\0;\0=bv\0;\0=bv\0;\0=bv\0\0\0>\0\0>\0\0>\0\0\N\0?\0\N\0?\0\N\0?\0\0؝\0A\N\0؝\0A\N\0؝\0A\N\0\0؝\0F\'b\0؝\0F\'b\0؝\0F\'b\0\0\N\\0I\0\N\\0I\0\N\\0I\0\0ű;\0O;\0ű;\0O;\0ű;\0O;\0\0\\0W\\0\\0W\\0\\0W\\0\0\;\0d\0\;\0d\0\;\0d\0\0\bv\0t\0\bv\0t\0\bv\0t\0\0\N\\0bv\0\N\\0bv\0\N\\0bv\0\0\\N\0\'b\0\\N\0\'b\0\\N\0\'b\0\0\\N\0;\0\\N\0;\0\\N\0;\0\0D\\0I\\0\\0;\0\\0;\0\0bv\0\'b\0bv\0\'b\0bv\0\'b\0\0؝\0\N\0\0v\'\0\0v\'\0\0؝\0\N\\0\\0ǉ\\0\\0ǉ\\0\0;\0\\\\0~\\0Ɲ\0~\\0Ɲ\0\0h\N\0\\\\0b;\0;\0b;\0;\0\0Xbv\0\0T\0\0\0\0O\0\0\0V؝\0y\0X\'b\0v\0\0\0X\'b\0v\0\0\0\0X؝\0u\0X؝\0u\0X؝\0u\0\0X\0\0\0s\\0X\0\0\0s\\0X\0\0\0s\\0\0Xbv\0q\0Xbv\0q\0Xbv\0q\0\0Zv\'\0l\0\0\0Zv\'\0l\0\0\0Zv\'\0l\0\0\0\0h\\0I\0v\0\0\0>\N\0v\0\0\0>\N\0\0x\0>\0\0\0x\0>\0\0\0x\0>\0\08BIM\0\0\0\0\0\0\0\0\0\0\%\Exif\0\0MM\0*\0\0\0\0\0\0\0\0\0@\0\0\0\0\0\00\0\0\0\0\0\0\0\0\0\\0\0\0\0\0\0\0\0\0\0\0\0\0\0\\0\0\0\0\0\0\0\\0\0\0\0\0\0\0\0\0\0\0\0\0\0\Z\0\0\0\0\0\0\0\\0\0\0\0\0\0\0\(\0\0\0\0\0\0\01\0\0\0\0\0\0\02\0\0\0\0\0\0\0\0\0\0\0\0\0\0\0\0\0ipp\0i\0\0\0\0\0\0(\0\0\0\0\0HUAWEI\0JKM-LX3\0\0\0\0H\0\0\0\0\0\0H\0\0\0Adobe Photoshop CS6 (Windows)\02020:07:21 13:18:42\0\0\0\0\0(\0\0\0\0\0\0\0\0\0\0\0\0\"\0\0\0\0\0\0\0\'\0\0\0\0\0\0\0\0\0\0\00210\0\0\0\0\0\0\0\0\0\0\0\02\0\0\0\0\0\0\0\0\0\0\0F\0\n\0\0\0\0\0N\0\0\0\0\0\0V\0\n\0\0\0\0\0^\0\n\0\0\0\0\0f\0\0\0\0\0\0n\0\0\0\0\0\0\0\0\0\0\0\0\0\0	\0\0\0\0\0\0\0\0\n\0\0\0\0\0\0v\0\0\0\0\0\0~\0\0\0\0\0\0\0\0\0\0\0\0\0\0\0\0\00100\0\0\0\0\0\0\0\0\0\0\0\0\0 \0\0\0\0\0\0 \0\0\0\0\0\0\0\0\0\0\0\0\0\0\0\0\0\0\0\0\0\0\0\0\0\0\0\0\0\0\0\0\0\0\0\0\0\0\0\0\0\0\0\0\0\0\0\0\0\0\0\0\0\0\0\0\0\0\0\0\0\0\Z\0\0\0\0\0\0\0\0\0\0\0\0\0\0\0\0\0\0\0\0\0\0\0\0\0\0	\0\0\0\0\0\0\0\0\n\0\0\0\0\0\0\0\0\0\0\0\0\0\0\0\0\0\0\0\0\0;\\0\0\0\0\0\0\0d2020:07:21 12:44:48\02020:07:21 12:44:48\0\0\0\0_\0\0\0d\0\\0\0\'\0\0\0\0\0\0d\0\0\0\0\0\0\0\0\0\0\0\0\0\0\n\0\0\0\0\0\0d\0\0$\0\0\354642\0354642\0354642\0\0\0\0d\0\0\0d\0\0\0\0\0\0\0R98\0\0\0\0\0\00100\0\0\0\0\0\0\0\0\0\0\0\0\0\0\Z\0\0\0\0\0\0\n\0\0\0\0\0\0(\0\0\0\0\0\0\0\0\0\0\0\0\0\Z\0\0\0\0\0\0!\0\0\0\0\0\0\0H\0\0\0\0\0\0H\0\0\0\\XICC_PROFILE\0\0\0HLino\0\0mntrRGB XYZ \\0\0	\0\01\0\0acspMSFT\0\0\0\0IEC sRGB\0\0\0\0\0\0\0\0\0\0\0\0\0\0\\0\0\0\0\0\-HP  \0\0\0\0\0\0\0\0\0\0\0\0\0\0\0\0\0\0\0\0\0\0\0\0\0\0\0\0\0\0\0\0\0\0\0\0\0\0\0\0\0\0\0\0\0\0\0cprt\0\0P\0\0\03desc\0\0\0\0\0lwtpt\0\0\0\0\0bkpt\0\0\0\0\0rXYZ\0\0\0\0\0gXYZ\0\0,\0\0\0bXYZ\0\0@\0\0\0dmnd\0\0T\0\0\0pdmdd\0\0\\0\0\0vued\0\0L\0\0\0view\0\0\\0\0\0$lumi\0\0\0\0\0meas\0\0\0\0\0$tech\0\00\0\0\0rTRC\0\0<\0\0gTRC\0\0<\0\0bTRC\0\0<\0\0text\0\0\0\0Copyright (c) 1998 Hewlett-Packard Company\0\0desc\0\0\0\0\0\0\0sRGB IEC61966-2.1\0\0\0\0\0\0\0\0\0\0\0sRGB IEC61966-2.1\0\0\0\0\0\0\0\0\0\0\0\0\0\0\0\0\0\0\0\0\0\0\0\0\0\0\0\0\0\0\0\0\0\0\0\0\0\0\0\0\0\0\0\0\0\0\0\0\0\0XYZ \0\0\0\0\0\0Q\0\0\0\0\XYZ \0\0\0\0\0\0\0\0\0\0\0\0\0\0\0\0XYZ \0\0\0\0\0\0o\0\08\0\0XYZ \0\0\0\0\0\0b\0\0\0\0\XYZ \0\0\0\0\0\0$\0\0\0\0\desc\0\0\0\0\0\0\0IEC http://www.iec.ch\0\0\0\0\0\0\0\0\0\0\0IEC http://www.iec.ch\0\0\0\0\0\0\0\0\0\0\0\0\0\0\0\0\0\0\0\0\0\0\0\0\0\0\0\0\0\0\0\0\0\0\0\0\0\0\0\0\0\0\0\0\0\0desc\0\0\0\0\0\0\0.IEC 61966-2.1 Default RGB colour space - sRGB\0\0\0\0\0\0\0\0\0\0\0.IEC 61966-2.1 Default RGB colour space - sRGB\0\0\0\0\0\0\0\0\0\0\0\0\0\0\0\0\0\0\0\0\0\0desc\0\0\0\0\0\0\0,Reference Viewing Condition in IEC61966-2.1\0\0\0\0\0\0\0\0\0\0\0,Reference Viewing Condition in IEC61966-2.1\0\0\0\0\0\0\0\0\0\0\0\0\0\0\0\0\0\0\0\0\0\0\0\0\0\0view\0\0\0\0\0\0_.\0\\0\\\0\0\\\0\0\0XYZ \0\0\0\0\0L	V\0P\0\0\0W\meas\0\0\0\0\0\0\0\0\0\0\0\0\0\0\0\0\0\0\0\0\0\0\0\0\0\0\0\0sig \0\0\0\0CRT curv\0\0\0\0\0\0\0\0\0\0\0\n\0\0\0\0\0#\0(\0-\02\07\0;\0@\0E\0J\0O\0T\0Y\0^\0c\0h\0m\0r\0w\0|\0\0\0\0\0\0\0\0\0\0\0\0\0\0\0\\0\\0\\0\\0\\0\\0\\0\\0\0\0\r%+28>ELRY`gnu|\\\\\&/8AKT]gqz\\\\\0!-8COZfr~\\\\ -;HUcq~\\\\r+:IXgw\\\\'7HYj{\\+=Oat\\2FZn\\		%	:	O	d	y				\	\	\n\n\'\n=\nT\nj\n\n\n\n\\n\\n\"9Qi\\*C\\u\\r\r\r&\r@\rZ\rt\r\r\r\\r\\r.Id\\	%A^z\\	&Ca~\1Om\\&Ed\\#Cc\\\'Ij\4Vx\&Il\Ae\@e\ Ek\\Z\Z*\ZQ\Zw\Z\Z\\Z\;c\*R{\Gp\\@j\>i\  A l  \ !!H!u!!\!\"\'\"U\"\"\"\#\n#8#f##\#$$M$|$$\%	%8%h%%\%&\'&W&&&\\'\'I\'z\'\'\(\r(?(q((\))8)k))\**5*h**\++6+i++\,,9,n,,\--A-v--\..L...\/$/Z//\/050l00\11J1112*2c22\3\r3F3334+4e44\55M55\5676r66\7$7`77\88P88\99B999:6:t::\;-;k;;\<\'<e<<\=\"=a==\> >`>>\?!?a??\@#@d@@\A)AjAA\B0BrBBC:C}CDDGDD\EEUEE\F\"FgFFG5G{GHHKHH\IIcIIJ7J}J\KKSKK\L*LrLMMJMM\N%NnNO\0OIOO\P\'PqPQQPQQ\R1R|R\SS_SSTBTT\U(UuU\VV\\VVWDWW\X/X}X\Y\ZYiYZZVZZ[E[[\\\5\\\\\]\']x]\^\Z^l^__a_``W``aOaabIbbcCcc\d@dd\e=ee\f=ff\g=gg\h?hh\iCiijHjjkOkklWlmm`mnnkn\ooxo\p+pp\q:qqrKrss]sttpt\u(uu\v>vvwVwxxnx\y*yy\zFz{{c{\|!||\}A}~~b~\#\G\nk͂0W\Grׇ;iΉ3dʋ0cʍ1fΏ6n֑?z\M _ɖ4\nu\L$h՛BdҞ@iءG&v\Vǥ8\Zn\Rĩ7u\\\ЭD-\0u\`ֲK³8%yh\YѹJº;.!\nzp\g\\_\\\X\\\Q\\\K\\\F\\\Aǿ\=ȼ\:ɹ\8ʷ\6˶\5̵\5͵\6ζ\7ϸ\9к\<Ѿ\?\\D\\\I\\\N\\\U\\\\\\\\d\\\l\\v\ۀ\܊\ݖ\ޢ\)߯\6\\D\\\S\\\c\\\s\\\\r\\\\2\\F\\\[\\\p\\\\\(\\@\\X\r4\P\m8\W\w)K\m\\0Adobe_CM\0\\0Adobe\0d\0\0\0\\0\0			\n\r\r\r\0\0\0\"\0\\0\0\n\?\0\0\0\0\0\0\0\0\0\0	\n\0\0\0\0\0\0\0\0\0	\n\03\0!1AQa\"q2B#$Rb34r\C%S\cs5&DTdE£t6\U\e\\u\F\'\\\\\\Vfv\\\7GWgw\\\\05\0!1AQaq\"2B#R\3$b\rCScs4%&5\\DTdEU6te\\\u\F\\\\\\Vfv\\\\'7GWgw\\\0\0\0?\0TI%)$IJI$RI$I%)$IJI$RI$I%)$IO\TI%)$IJI$RI$I%)%_3?W7\"j>絀\V%\0\\N\^S\\k{ZڿDi.J\\\Z\S{C\0\0ώV\\K\{\0\ҥ=\ZK3\\'Dȍu\kV\\\\0\ZujIKI)I$J\TI%)$IJI$;\m\muW=\\0\RD\L\Zs1\gҲ\\r\:\ʢ\:%c!\AʲEC*w.uN\rvege\\^=|{+\\bJ{ί3\mf\X˵\k/85\\(Ĭ}\'[/\\\.\Ms\0Mzc5\*\+2\\\O\r&\\\\2^\\0e-\mѬo\o\\\\eT\6\u\\6e\\\v۞\s\-\V\WSCꖏ\,\0\?/T\\ֺک\ikݐ\9\][\\0\*t\58\\}\ѱQHs+]\\r?\~V\1\e\\Ǽl,{\õ\\\k\\\0\تq\)u.Ԭ\{ki\fo꟭\Z\\\uP\Zt]\'D\~ֳJ\\\Ѥ·1\V;?b p.\0۵>Ӂ.7MA\w\yC\0Al#?Cc\\\\\\mGwf+cg\u\?\0\SI$\TI%)$;\\eW]qoQɟBo\d[3\\0.Ĕ\ּYkϩ~C:\?sү\\_\}n\\}\\\\0\\qgYnF]\\\yגK;\( hQte亲Sp8F`\^\0\u^\Jsr:9ۄ,\m퍶;\\\\?\0x]3+\Ex\$\\r,o\K+\\U2멘\0;G\qn\2sv\1\?IOU4\"מ\1\\\~&\rd^es\}T\mǿ}W`\ش\:vefĲ\mu\c+;\-\0ξ\I)\\ůY\۳\\0\:iߧ\W[1\0D2rrcȴ\\w\'\Z}7\\[=Glܛ_q\\ʶ\Yg\\\\^\0Z\]\0E=N\fd5S]E9%9xYy66\\0A\\h[Gt\=N\Kz}\ɶ\{1\\U>\\ߋ\\=7\>\v\\'7M8lYI3撛3ib\kѺX\\\}_ķgK\0I\\k\\q?G\\0\\0\\0jȾ1\m\UX\\\Z\p\X\5Yamb\\O\nݔ\\\0T:OV\MxV\\X\Z\f\[W	!}T\y}FϪX\\\%;\\\z~{\WOR\[Q8%\Zp?ScYfk#\S30^2-i05\ǟ&MH)\.6PX\\\{Ƭw-VW\'3cd6\egk\0&\Sr\S\TX[\}\\\\BF.4\]C\\0\\IL~}n\\Z\/\W\\Yzǹ\0\\T\\δߕ{[k\Z\u3M\n\e\s7\^wYa\`\0UF\01\ZAI+b\k\\r\\\0)\LkZ\emm\:P.\E:4H\wg\0һY\e\ϝu2Ƿ}\n?{o\0&6[[&\\\\\\nZy\t^C!\0N\z\\\%Y5~\\Zw\\\v\c\0\H3\\\\N\\g7}-\Z4\0<N\Z\41\Z8LQR΃\B@\OrJHQ)7sJ\yojǫ:T\E\0M\\W\0^Jwt2ծdۑ5\5>\r\i\0\0adg\Gzn\\\N\[u\\\h\0\0]_מ:?Mf	mY\\\\h\T\\0z\,\ls\k\X\jʩ\0ϸ\\0\\\\鮫,^\5\\\\\\h{\\kwY=n\0s\K\|L\0\ܵ\\\\ly\\0A%<o\Nޝ\\JM\\\r\Z	;\0EZ^\o\\\|u2|\^\U\\\\\\mtX\$\vz{?\\k1\0T\m\0&J@\Z\q\\O\0\\T\\0<\:ӉAcO\P\Mn\A(e5\\>\K$\0w\=\\\\c\_H\Ʒ}{6Ü\3_O?F\ut?R;c1%Unz_\},g\"\/\Ƴ3&\C\\\C[X\eU\0%>[\3\ͯ\6۶Yw>?6\\sK5TY[kn\ܞI\-.\2:\s\oS}\ElQoӺϧ}\0\\TʃS!7ּ53\C<Lw\Z\X\82\%\{\\cG\9\\\\\NeE\k\ߴ\\[E;ϻ\bb3%\\>\Γ\:V84^\kgd\0_\k5+\\\\=;oY\mn7\03{s_Π\fW֎\zcVI,\rlm\쮯}\0<\R\:Halٺ\\ZCZ\\eM}\\hǫ+\2ב\}\\?W]ޟǮ\N\x׺^[%\.|{Cy\rJe\V^\\{y_g\\,\\`\\0Ihf͢}ն^gBcf\SE\}y\\;2\P߄\0ЧJy\7?W\j\h_@fo֎_#)\0?\0<{E\U\\0_)z:}F\\\\0_\XS*Ƹ:\5\\v\\\E?\Z1\c9xcHd8\_Q~3\۶хcH/s7#\~\\\0Ū\\f=:\۳I.,\\r~\6\,s\GQ*]M\\\Xv9C6\kma\\0\q=\{\~Zߦ\\Z\\\:f3=Wc՟\\\0\g\U\=0tˋ%\}%m}k\{\s?\=N}$	%%,P\TTx[;\0N\\`c?\-R-\\r\rU\98l\0-LL\ىg\vX\\}\Y\6\0K?ìlߐfsN̐7>\\o\?\=\Z?­JX\Z\'.{;,\c\uo\\ǭ\t 7\'m-6\Z\tc=u\\I\0\-[\~OEeۨvs\\\(\'\wc\'\:[*1\\O\\ξ\}ߢEeq.\0h.\0Z*rʥηd\\0џ\\hc\4\_ge\\0ʿ\\\v\\\Qc\7=\>\0\'\Iڼ&\\srݏA\\O=\r6\0\\}6\몆\\07ZJ{?ы3z\\X1\۲\\\\0Ef]\\t>\\;\\\X\0߱\Ծ\\\\\i\"\U\gF\\\\\\\@ݤ9m\\1\0;譭o~}S\-\\ZQc\d\d{+iT9Cҷ\Oqw^\5\A\\??\\\SK辶\M-湧G1\w\ro\\;\wP\\\rSHK\\r\'U.v׽\_\$I\'Ru%)UhU<z\'\b.\\Su-<4+<\\y\0-?\"w\.w\\:F{3\1\Z\\q\0=IJ%vϵ?\W\\z\y\6>:\Q\q\n;C\\0ݫ5on\aku\\0By\J{P98b\H;\\Ze\03\wk?E\\\8W\\pSMW#.ã\\g+K\0\U/\-\f\\\\z\3\P\>\F\\z_\\0/\N\L:\T\\Gw9\\\.SzWH\V\;C\\i\m~\\rݻ?\[k\\\ecW~݌5\QaOc\^[0z\Y\V\\\p\\]t/7?{7Q/\\\G\\\Ҳ\\1\;dco~\]\C*h1o\0\?\NV\׽UmR,{Y[?:\g\}=J\\\RI$\0\TI%)$IMlԱ\/Pǯ*jk\x\\\Eퟦ\\=_\"\f-8-\"=\Z\\>\˭\0vJ|\\\O\\\ka-P?\KW|hi\0ы\RIO\#On\0oM\0_r\]zI)d\0˗\0\;&:\Z>՛s\;\ru\0gұ\0*SGt^\0\m^;	tIq.w\{\\\X?Y\_\:s\Jhʱ}~n\vg*\0C׿\\oֿ}S=\sf?u\U\7~\\Q\mL\S\\LkS1=v`\r\-ݳ\[Xu^\3<\rCúf5v۷\]\ԡֲV]}\VvM\"ꙺK.\\\u\0\\0B\G=\"YgH\tWk\<s\0^\R\)6\0\\\\WW\f\\t\=@?:\~\n\5\0\\-c!\r\0F;\\8\RE\nI$S\TI%)$IJI$RI$I%)$IJI$S_7>\Q^M2\\\\E\_\GkZƆ\ZѠ\0v	\IJI$RI$\0\\XICC_PROFILE\0\0\0HLino\0\0mntrRGB XYZ \\0\0	\0\01\0\0acspMSFT\0\0\0\0IEC sRGB\0\0\0\0\0\0\0\0\0\0\0\0\0\0\\0\0\0\0\0\-HP  \0\0\0\0\0\0\0\0\0\0\0\0\0\0\0\0\0\0\0\0\0\0\0\0\0\0\0\0\0\0\0\0\0\0\0\0\0\0\0\0\0\0\0\0\0\0\0cprt\0\0P\0\0\03desc\0\0\0\0\0lwtpt\0\0\0\0\0bkpt\0\0\0\0\0rXYZ\0\0\0\0\0gXYZ\0\0,\0\0\0bXYZ\0\0@\0\0\0dmnd\0\0T\0\0\0pdmdd\0\0\\0\0\0vued\0\0L\0\0\0view\0\0\\0\0\0$lumi\0\0\0\0\0meas\0\0\0\0\0$tech\0\00\0\0\0rTRC\0\0<\0\0gTRC\0\0<\0\0bTRC\0\0<\0\0text\0\0\0\0Copyright (c) 1998 Hewlett-Packard Company\0\0desc\0\0\0\0\0\0\0sRGB IEC61966-2.1\0\0\0\0\0\0\0\0\0\0\0sRGB IEC61966-2.1\0\0\0\0\0\0\0\0\0\0\0\0\0\0\0\0\0\0\0\0\0\0\0\0\0\0\0\0\0\0\0\0\0\0\0\0\0\0\0\0\0\0\0\0\0\0\0\0\0\0XYZ \0\0\0\0\0\0Q\0\0\0\0\XYZ \0\0\0\0\0\0\0\0\0\0\0\0\0\0\0\0XYZ \0\0\0\0\0\0o\0\08\0\0XYZ \0\0\0\0\0\0b\0\0\0\0\XYZ \0\0\0\0\0\0$\0\0\0\0\desc\0\0\0\0\0\0\0IEC http://www.iec.ch\0\0\0\0\0\0\0\0\0\0\0IEC http://www.iec.ch\0\0\0\0\0\0\0\0\0\0\0\0\0\0\0\0\0\0\0\0\0\0\0\0\0\0\0\0\0\0\0\0\0\0\0\0\0\0\0\0\0\0\0\0\0\0desc\0\0\0\0\0\0\0.IEC 61966-2.1 Default RGB colour space - sRGB\0\0\0\0\0\0\0\0\0\0\0.IEC 61966-2.1 Default RGB colour space - sRGB\0\0\0\0\0\0\0\0\0\0\0\0\0\0\0\0\0\0\0\0\0\0desc\0\0\0\0\0\0\0,Reference Viewing Condition in IEC61966-2.1\0\0\0\0\0\0\0\0\0\0\0,Reference Viewing Condition in IEC61966-2.1\0\0\0\0\0\0\0\0\0\0\0\0\0\0\0\0\0\0\0\0\0\0\0\0\0\0view\0\0\0\0\0\0_.\0\\0\\\0\0\\\0\0\0XYZ \0\0\0\0\0L	V\0P\0\0\0W\meas\0\0\0\0\0\0\0\0\0\0\0\0\0\0\0\0\0\0\0\0\0\0\0\0\0\0\0\0sig \0\0\0\0CRT curv\0\0\0\0\0\0\0\0\0\0\0\n\0\0\0\0\0#\0(\0-\02\07\0;\0@\0E\0J\0O\0T\0Y\0^\0c\0h\0m\0r\0w\0|\0\0\0\0\0\0\0\0\0\0\0\0\0\0\0\\0\\0\\0\\0\\0\\0\\0\\0\0\0\r%+28>ELRY`gnu|\\\\\&/8AKT]gqz\\\\\0!-8COZfr~\\\\ -;HUcq~\\\\r+:IXgw\\\\'7HYj{\\+=Oat\\2FZn\\		%	:	O	d	y				\	\	\n\n\'\n=\nT\nj\n\n\n\n\\n\\n\"9Qi\\*C\\u\\r\r\r&\r@\rZ\rt\r\r\r\\r\\r.Id\\	%A^z\\	&Ca~\1Om\\&Ed\\#Cc\\\'Ij\4Vx\&Il\Ae\@e\ Ek\\Z\Z*\ZQ\Zw\Z\Z\\Z\;c\*R{\Gp\\@j\>i\  A l  \ !!H!u!!\!\"\'\"U\"\"\"\#\n#8#f##\#$$M$|$$\%	%8%h%%\%&\'&W&&&\\'\'I\'z\'\'\(\r(?(q((\))8)k))\**5*h**\++6+i++\,,9,n,,\--A-v--\..L...\/$/Z//\/050l00\11J1112*2c22\3\r3F3334+4e44\55M55\5676r66\7$7`77\88P88\99B999:6:t::\;-;k;;\<\'<e<<\=\"=a==\> >`>>\?!?a??\@#@d@@\A)AjAA\B0BrBBC:C}CDDGDD\EEUEE\F\"FgFFG5G{GHHKHH\IIcIIJ7J}J\KKSKK\L*LrLMMJMM\N%NnNO\0OIOO\P\'PqPQQPQQ\R1R|R\SS_SSTBTT\U(UuU\VV\\VVWDWW\X/X}X\Y\ZYiYZZVZZ[E[[\\\5\\\\\]\']x]\^\Z^l^__a_``W``aOaabIbbcCcc\d@dd\e=ee\f=ff\g=gg\h?hh\iCiijHjjkOkklWlmm`mnnkn\ooxo\p+pp\q:qqrKrss]sttpt\u(uu\v>vvwVwxxnx\y*yy\zFz{{c{\|!||\}A}~~b~\#\G\nk͂0W\Grׇ;iΉ3dʋ0cʍ1fΏ6n֑?z\M _ɖ4\nu\L$h՛BdҞ@iءG&v\Vǥ8\Zn\Rĩ7u\\\ЭD-\0u\`ֲK³8%yh\YѹJº;.!\nzp\g\\_\\\X\\\Q\\\K\\\F\\\Aǿ\=ȼ\:ɹ\8ʷ\6˶\5̵\5͵\6ζ\7ϸ\9к\<Ѿ\?\\D\\\I\\\N\\\U\\\\\\\\d\\\l\\v\ۀ\܊\ݖ\ޢ\)߯\6\\D\\\S\\\c\\\s\\\\r\\\\2\\F\\\[\\\p\\\\\(\\@\\X\r4\P\m8\W\w)K\m\http://ns.adobe.com/xap/1.0/\0<?xpacket begin=\"﻿\" id=\"W5M0MpCehiHzreSzNTczkc9d\"?> <x:xmpmeta xmlns:x=\"adobe:ns:meta/\" x:xmptk=\"Adobe XMP Core 5.3-c011 66.145661, 2012/02/06-14:56:27        \"> <rdf:RDF xmlns:rdf=\"http://www.w3.org/1999/02/22-rdf-syntax-ns#\"> <rdf:Description rdf:about=\"\" xmlns:xmp=\"http://ns.adobe.com/xap/1.0/\" xmlns:photoshop=\"http://ns.adobe.com/photoshop/1.0/\" xmlns:xmpMM=\"http://ns.adobe.com/xap/1.0/mm/\" xmlns:stEvt=\"http://ns.adobe.com/xap/1.0/sType/ResourceEvent#\" xmlns:dc=\"http://purl.org/dc/elements/1.1/\" xmp:CreatorTool=\"JKM-LX3 9.1.0.297(C605E4R1P1)\" xmp:ModifyDate=\"2020-07-21T13:18:42-05:00\" xmp:CreateDate=\"2020-07-21T12:44:48\" xmp:MetadataDate=\"2020-07-21T13:18:42-05:00\" photoshop:DateCreated=\"2020-07-21T12:44:46.159714432\" photoshop:ColorMode=\"3\" photoshop:ICCProfile=\"sRGB IEC61966-2.1\" xmpMM:DocumentID=\"B69526C8C742577A2B78BAC460C37BC2\" xmpMM:InstanceID=\"xmp.iid:AC5FEF8F7DCBEA11B26980AEB6B74891\" xmpMM:OriginalDocumentID=\"B69526C8C742577A2B78BAC460C37BC2\" dc:format=\"image/jpeg\"> <photoshop:DocumentAncestors> <rdf:Bag> <rdf:li>EF49E2B666BC92677C1DC613BA9393A7</rdf:li> </rdf:Bag> </photoshop:DocumentAncestors> <xmpMM:History> <rdf:Seq> <rdf:li stEvt:action=\"saved\" stEvt:instanceID=\"xmp.iid:AB5FEF8F7DCBEA11B26980AEB6B74891\" stEvt:when=\"2020-07-21T13:18:42-05:00\" stEvt:softwareAgent=\"Adobe Photoshop CS6 (Windows)\" stEvt:changed=\"/\"/> <rdf:li stEvt:action=\"saved\" stEvt:instanceID=\"xmp.iid:AC5FEF8F7DCBEA11B26980AEB6B74891\" stEvt:when=\"2020-07-21T13:18:42-05:00\" stEvt:softwareAgent=\"Adobe Photoshop CS6 (Windows)\" stEvt:changed=\"/\"/> </rdf:Seq> </xmpMM:History> </rdf:Description> </rdf:RDF> </x:xmpmeta>                                                                                                                                                                                                                                                                                                                                                                                                                                                                                                                                                                                                                                                                                                                                                                                                                                                                                                                                                                                                                                                                                                                                                                                                                                                                                                                                                                                                                                                                                                                                                                                                                                                                                                                                                                                                                                                                                                                                                                                                                                                                                                                                 <?xpacket end=\"w\"?>\\0C\0\\0C\0\0h\0h\0\\0\0\0\0\0\0\0\0\0\0\0\0\0	\n\\09\0\0	\0\0\0\0\0	!1\nA\"Q#2qaBr\\\\0\0\0\0\0\0\0\0\0\0\0\0\0\0\\0/\0\0\0\0\0\0\0\0!1AQaq\"2\B\b\\0\0\0?\0\ƀ4\r\0h@\Z\0\4\r\0h@\Z\0\4\r\0h@\Z\0\4\r\0h@:\ۛ\\\\\Ï%xHڼ\#\\J\n0Q*/,.S\0,[W\\t3n\N\刢\\0Rw\\YdbikN+5\.uKA$zq$\sͤ=THcup\/\\n75z~L\'(\\Q\\eZ\'\0\r\JV##\zA:~\0\%\r_	d\\cWs\=2\64Q\1\@\R]TUnGd\MtWEB*p:j\"r\0\\0\u\BEm\\/\GQ%`A\'ra=F)r\\r:\\U2 \\0\ \\n!\د:VZ.\N@I(A\1T)D\\@a/d\N%4C$4\r\0hs8nm#3E\tjjI[ Ւ(\\G$u9&n\4Ee&\0jKVJM茕\\XIUv[U&;4E\]\L\F\\7!P/겭&)o~\@J!\N\0+\zdϟ3790\_ʛ\drb߽\r\[\bZ\|ʹ\\'(\9D4\,EAȢf\n߅ֺQ=,$-ƹ\')o\ƭ\=)O\mjѬn\ceY\0*?;\-\nổOO-(w/Pp]Jf\+3lm\y^gi\/J\\cwN_g 9\*wmT,2mk2m-\\C<\\$\A\\g\ZW\Z:,%\\GN(7;\TH0e\Xܨ\vRjԄAyJ\S|qk\\c\51IU²E0O@LoLJ\0 \" \Z\k8(k{n%ę5KaZ(HFgN\JĄ\Iy\	Nt\Y2)s\\O5\*o~sB4\<\΀i\\5\IIA#-fhf\ei`TRYEe#U@E\m{@@\Z\0\1\\'0\\EaLo[1Y|RzUk\\]-i$ʮG\ǂQ4>\Ybbt*_-ߑ\\\k>n\)n-npDE*ҭ\Ys\nq\\4B5\02ݾD=̦\\\\\VU\\|ow\cigI\Ж\"\\p,@KkL዗,n`282e(\Z\Qyo[;\V1\sf<mm\\\ \\\\\b$S=\\"f\\h3\DFB:	*9\)ٳ-zm.~y:bm.r\\&B\u0J\lX\q$\뒝HnV+P.\\"/d\鑓hm~\guٕIAYqV;㷲\,򈴯B.\:Ue)\nRˤǵ4\1lU\Z%ݥm\ҙYOt\-}3ۭ\`XI[X\SP9*\\0XJF\\MrVҵ,\4mj\\Eʶu\&F+ٵ/)\"\)$1`G\^$\47ar$\0$Aѵ=\*N\\\\`OV8!D\Kf\Q]>\\٣,\%7\99U޻+Q3\%\\.L\\)d\ߨ\\roӿ6-9I\nӶ;\\eJ\lHJ^6\oEAN\	ue\1S3G `)-	\N\!ŧ\kB.E\l|r\q&ɤٽnϒS0?vS7MN\ď\X[˄DZw\Ej1vr{@^Erd`ʊ\9\AxF6{(e\e\vw\ܝ~,\\褐z1p1iWd	n\0F\(eUS&\vٲIhy\\\\\wֻ[\j؇1J\\ \H8\K\bCC\+\\\I_\%X\mjÈ\\)JG(Tb%RINDFhTT\5Pº\ꔽO\\Ģ\Cr\\fn\1\\n\ke8DA^\re.c?n\hYF-\R$&\Qk|\[\qR	\ϕXK\\'$\g\r\r5\6IĬ\BWJ]\\e\!8v-)v4\Q]\lE\lqq{{]\vnJW\^=3F\@x\\\0\"\ZHy;_IӇ\n\DCDD\0)@90\0\0<\Z\\K%z\R\\\ZZ\f\g~;̶\\-=M\9*͉\$աzl\V2P;:\jN\D^K9߱tWY\\\H^\r\\c#w\'sG䛥EU\\1RYk\r1rLb RgH%2ʛ\@|uMhD\\\CM\\\\\]9* @t\O\mʮ\Ȇﯯ\\7L\]\ll9X\wƌ eL&1&ϟ\%@\\|\/ߵR\^\or{C\\7\'[g;\S\H)\MYG\$uh/\Ң_]F\$\J\`L[։J\ZY\+%e\t\~=d\䈾xI&\\\V\qE0^\3o߄ZA\.\\&\\\f\\5R[Z:\nC\MW2L\0=3|iC4\:&֋/\o˅&R\ƟklV%\a>\  VˮqVI\`ٲETCH\Nd&_9\{[\y%n\5\\U\n\:0Y\K\ns\\Z\w\'*\"Bƿ\"\rZ\ق\Ag+\\\ZYldx1d܍Y4H\\"I?\\\"<D\\"#έv\y5^&dG|\\<~\0\\OF71nDDojs7{U\W,\w!\?\'x\\L]ʣM\h;e\L\\{)F1r\6cZ^F\а\\]\zo\"\KuMX\r\Z5d\S[ZfY*\1l渙B70\DE[\K׺\\]\9ػeI;:\:\1V\Q\Hu\\#!.TS)J^ͬ\ڸA\0\0M\n9?$I:\ۙU6e\<\0Փq}E>\\H_*z%0\0%UL\v\\ήJJOLבy\N\\=*pJGS\\\Њr&\o/~\0\r\x\8\y`lsx5\ɕVқf\蘆\\O\] n>\Uۤ`P\Up%jn\V݌;=\x\Z\$g\үՋQ\",H@\UC\"9J<u\\\\\nQ:<sI\0\֯2qU\ƚ\\!\6\j\'xD\\=\\+Ћn֞&%\%VP.4c\\J\<Y\\\\Z1\e4R]\EDǷ;.Tn\˪\-F#,\\\O\'	]rbB`+\\\UaEڎ,P*%1Ψ0:\(wC-ߑ&\8y\<<\0o<\"Y^\~\0>x|}wI=+[\d[3d\jut.1\\81\4?jqx\\Z\B7&8jMW\\\в[V!3<w\\ZM~Y7\I-ڽWq|\#\opJEQQ&8@\28X\PSzNiFQV[\\{;?\t6Q.4Wr)8V\"\`\"t\9QA&\"a9\G)K\\\,;3PPNQ\gmewJ\G6	8{`	H\%L\Wi\Uhiοβ.\11ݘ\\"\'Pyn3\'LTQV\\\<:\uuކ\:\K&\Z\O\形ljXf5n6<\rrGZ!@7S5\P\k[\\\PI\Wc;CUb\\&P!y\iBM\Dm#.\\\\i\\#[),G!Yu`h\S@%a\'%w)$\n\aҕeg\'t\D\\\\+k/\0.\\-Rd\F\\\+xɕY4\ʴ\R3rk%\Dj\XLX7+K\L;\\^\\RBΛ\n|YWF:>*$AT\,d\\ykX<zP\0p\J\\3f\2UE,\.\+TK\!\!\\\0X+J ㏁\\\W\Y)&\Vѩz*}4SUuD?\'\c\\\\Zj	Y\,\~\\[V*LZqm\\٬䓃&)$+=p \c|5\\M\m\5ӛM\&.\\\\[Qub\kp0mEuaJ1IU\\_\\ZI\\'PLx\dM\\R[y\"Y\\>v}u/<a*\\\H?Q-v\x\t@H4ZR\\%Z1@VX5X\$|COSm]\7\֎y\Q\\\3R\\r\\Isym\;vqE\"\ۀ,s^N\0TY ͲdR58W<^oĈb\Z\'n\}Z:\\\QS\,HC92\jW\;\!.7dY6n10	yl9\Z\UJ̤Y:\Ʊaɴllc6̑I6Y flZ7DD\"\$L\0)H\0\0\0k\8g<ms\YV\\2\Ͷ HS]2<`\\'1\n\[j.8E7\rId\r\Ij\\0\/ۊ\%t>\8R\\\ܨn<\.U\C6\\(\\G3+\"A\\uu^sĜl\V-\\hЎ:\\ \\\\n9v\x;TT\;8\"(7?4\Utן\"t\\93(\-y\9zѰU`<\T$ռیUy\\u4)00rz<D\\R*\\\9]m^a6\M)\(O(T\\07\EL\\\,(@5u%\nC{CX\Ux\f|E\(M4W\\\И\->\\wIf\T\@\F;\1v<T\U~U־\~]+	\ҐEF\Ieޒ\\\\c)\-?K\(T;ڞeγJx\[\"i\W[W%+\n!pO\gA$/\90\\FGJ	8t\\\\\v\\cI\1\\\\^\j{\T]\Xm-dG\x\v\w@\(Xq\yDѮтX7D9 e\R5\"zd\-:\,I;u>\\\8\suцHۥ\\\m$@Cȳ`\J1\bm2}X&\"\"\0r\Z]s\lM10\\\"\\X\Z\\SlrըF͔\\\\&Ғ\P-H\r\0\0>|\0\0MBu6쌖YC\"\\ՉөU+s\p\K5#Nz^|.ȓ\.)(\۪m2o\4\b\\Vm\\u:YزuuRcd	&bS0\B\\\(tT\n\\)@\\(Y* n>\HX:\Gkʚe?\Ls\0`Ҿ@UzϘDG\GCr\qǪp\0+\)}*\f\\\\@y)q\\@\0D;T\\\A/vT\8\\"\\[_\5koL\;\4;5XهM-\ʠUS/&\n\.Qq\>\M=h\DߺZmf6BE4\\rXAd\\\,L\\JHJJ9\d\c+%+$\E\\TJ\Sa`pd\!cNo-Y\mz?Y^\Z1 9RA]8S!  QWE\cb\Z0lY6\xTq\"k.\N7u_\0\oݝ?ÅJ=\Ԭm}l\o8g<],su\3x\n[[c[3\VX|NM|ıQ\\HbҦg.&\i]Դ\Ǔq=\\\~\Z\\\4\r\0h@\Z\0\}[}B\l5[\4\\\9IѲF-ȱ1q1W58LF\hFMK!\l=tYCV\\nt\ꕷ\6%\\/*l{\wq\E\\rW{\\p9Et\dTri7эP+d\}-]\7<jN\z2\\qN\iTR2Ւ|\瘱sMu\yKM\cE˅_˶n3*\ɚL5jhÊtF2\r\0h@\Z\0\4\r\0p!?\\\\@\Z\0\\','C:\\Users\\SENA\\Documents\\NetBeansProjects\\Tienda_Com\\target\\classes\\producto\\mauseinalam.jpg',60000,1),(5,'Teclado','Negro',4,_binary '\\\0JFIF\0\0\0\0\0\0\\0C\0\n\n\Z \"\"\Z\\0C\r\r\0\0h\0h\0\\0\0\0\0\0\0\0\0\0\0\0\0\0	\\0A\0\0\0\0\0\0!1Q\"Aaq2	$B#3\%RSTdr\\\0\Z\0\0\0\0\0\0\0\0\0\0\0\0\\01\0\0\0\0\0\0\0!1AQaq\"2#\3BS\\\0\0\0?\0\\\0\n\0\n\0\n\0\n\0\n\0\n\0\n\0\n\0+ޮ\\\K\,)\q\J\WV~9\	Q\qDZ\0hL\a2\"}S\ px\\\\\?\6@4[Ur\p\P,\?*[\\]\L\rqv\r]XQ\isqN\\\O.c4V~@@@\{`\fmɁy>IqG۬Ql\\JԦAϼHP=l\\'\F\/i\$\<x,\+\'rī1jeuG9N\n\\͎\i\\Bȏ%\_\\$\#\'\G#\\\Y\\mjg\\4YRrx<\/tOͥX\sV7Ku^˗A\r\T#\\=\\'fE\\\~\=k{*\z\Zg\	-6טw!\\\I\\zťv\\\*J@@\\/\}\B\Dy	R\r\\Ct \%9k\"$y\RR\\nʡ\S\\,Qx\r6$m\Vu̌ҳ	83O:3\ĸ\\\\\n[#zܐSx\\槇K]ɏOs\'\\_;Йvdw\"\\\S\(,RBAU\~\ھrE\6=>\nR]\?QE\}<B.K\}\m\'\@9kZ\0>\eQTzB#\\Z\\Ovߴ:\0\nB>Ǣr?\\0+ϽJIh\&@@@xL\ز\jDgP\O -I\\nO}h\nOYA\6.6DL3)A\\\^\6-P\FJc]Y-+\淐\n\"cXt\Zx\\\2a&Ԗ>*Tg,0\Bj9\\\;\yp>Z\nA\`\c\\n1\\30]l-M6\Ȗ\O<b-@\?*\6g\7Jr>Mꍊhè\ڵ\p~I5z\\\}\r(((((BN0>\ZwMN\.w/\*:\@/;@\'zp8gu}\\I\\'ۥ\]\f6VoJ\@Jd־J˺..4\+m*J[aH\*R\O=\\r\n\0\n\0\n\"\\6\0M\m\˔\_\\"[u@]\\Zj\\\\@\2\\uUΥ}\U^~怯Vt?PB|isd\\nmJ	\v\\NuG\\d}\!\r\\\ۀ@YHX}\*bL\0T-\V\#\O\\Ac.`\\bL\/2-Ǐ)\\6{6F3AeBB\-~]1-7y\\KH\{\r\ g\ŕ\,rҢ\ec)I^2q\ W\zn3Z\CfJ#m!y_\R@?1\\ng_WQWjSrl\f8\\ܦ)M±9Wlqμ<\\X.\'yq\\2\LSNG\r\vu\X|+At\;~\'=qdf\mry厓\\ɶ\qX\^k\_ѭ\%-}\\j<w6e_w\#I\r7<ܘeӯME_~^n\\\#IdG&m\!\8	J\\)OR\wW\\ZT\͒n+>Mܗr\P.qۊ\8fCĸ\Ti	\'b\\\Nw(qްˋ`mWrds\iyK5\n<%q\w\B	9\y \ \>\j\zwmDI\)u\\Qi=\~<c=ڍ\\0-VH\Wk`p\I=\n\3Fd\]\KɊȐ\X䏖sPj{P\Ze\]\lXs_\)&\\\(R7a({HQ9\j\\'Rf^\2\2l\,\\%)\W)8/\).uIH\H\\\O9`XRo\cZ]\1Z-q\oQ،\J\\\%	\'8	$w\WLOu~\y\\tuY{B#~\Jٚ[w*XJNB>tQFˍ\\\CN\*BݾG\ܦ>еF<W\S\k[\,\IVī\\Xsa\p{3 6\\'q\)A\\|\\\#>\+]]\N\y\\.wr)CiB\0}ϥ`<\\2\VmtĴh9\fͺ\\\\[|\\%)O+\'Ҷ\1<4 v߆\\5ml\\Eŵ\r\r\r\\3n\r3jG9({\\\*ò\3IN.\:\\JX\VU \X9	\$\\TzbJe\f\db<:Z\#K\[cڢ(\|}rQtNU\'\΍dv.8[PJ	$\09G\\d\Qy7\o\yET\q-JDsܜP̦\Ѷc.K_\ZW\pڬ\;{LQ\Q\M(G90y.e\c\0ҁ󧡬|\\\rbho-\G²1\>\G\QO\2Z\\jѻ+WjlICE-?	O\\-\"sN6\0<\Sn\\\*M\kL,3:\@+\+\\\υ\\+\F3U\0Z/o		&Z#\@R$\'A%i\\\\\K\/D\\g,EMc{Օ\\f*(TxR\%3+~]u[Քe^\'\\sJLM_*\FmF2\[Kg\ U?ͮ\'R;t=ͦt{S\Oډnbd-e\=ӻ\j)E.\}YHJwzz.\gGu\l\/3\YRI\aʜNr2A5\\\\c\oOz\\ F\7TI\6#)\[JRH3\-n2Yq\[!E\\Yˋܲqx\=VXQU\zwD\\Ol#\\\r⨍\{\\hlJFHq)B#;~ \Z4kiN\K8Z0RZ@Q*m甤\\qU\0\\Ǔ\"I^,:6\\\l8\\Jgw3\\VѴ:3\\\9\N\M\\v\"cǕ\rl1K>[=pv6\8 g]fei\D_\\\nغ\]A\m\\U\\F3\$7\y\\y\ŒRc7ߌ\$\ܛ\\\_a11\\GRo	\nNH8*\nVqU\\\^coZ\\\\\~w\\)1\@\\Dv|Fv\Z\\å\"̷L9\Qmhq\\T\08\e,\qN\p˖W]z\I\\Ϩ]\\\"\hzS齨\iH`_\ج\u\,WC}*@)\\:]n\3k[(kҕ(I态\\\02G*E:\ZNRZ1/\ɟH\\\H\}3>n[?Êis-6J)ԔǼG\SbF\\t\K\/\\k)\\T3#V\O\\1io*n3\rn\\ϩUxYs:\nb\k!E\}\0wR!)cH4\Q!ӎjj[\'Z̙6*\K\r\\\#\\\DGH\\b\CQ\B[m$%)H\0*PX((((0(P\0P\','C:\\Users\\SENA\\Documents\\NetBeansProjects\\Tienda_Com\\target\\classes\\producto\\teclado-gamer-esca-gxt-853.jpg',12000,1),(6,'Porta Celular','negro',4,_binary '\\\0JFIF\0\0`\0`\0\0\0<CREATOR: gd-jpeg v1.0 (using IJG JPEG v62), quality = 100\n\\0C\0\\0C\0\0h\0h\"\0\\0\0\0\0\0\0\0\0\0\0\0\0\0\0	\n\\0=\0\0\0\0\0\0\0!1	Q\n\"Aaq2\\#RrB\\0\0\0\0\0\0\0\0\0\0\0\0\0\0\0\0\\0 \0\0\0\0\0\0\0\0\0\0\0\01Q!q\\0\0\0?\0)&ȏrMK\\}ף\Q\>\.\9\\\:(w(d@m@SH\\0\?}U0\:\3:\ϗ]I\\\x:I\#\\0?}CK?p\0g\MU)J \\\\\2u<7r(y{\0\\\شk{,\Z\u<<\I$.\UMc\"\ngT6p)Ja\>/\"\P\0\0z\ÿ\\0^\\fW\ܺB\({`ڕjhH&6\ިzFk\\bf=Ft\$sX\\AB@\m\\2N$gFZ\ԀQ>w#P\JpY\p\\ϐ\\<S[s\	\c0=@|C\\\՘7	#\\W\\G\*\u\R%7K<19P\\.ە5\Z\}yG1DD\3E즖Uz!W*EtLg \Q\4\"q0\0oxP\ƭ-\nʮy\n\ s\N\\Fp{\uݕc~.Mot-El\w(\B\M8n1,H+Hx޼mP*.\\տ-N6ۛ\|\~RI7$mʎ-!Y9S\0$\Q)\Ծ\3\yk ^@ͼ\1>L\\VQ\0#\\\=1s51\R\M!\0\0\0t\<\\G\\)p~?\0`\0ݨ\\&wk\\\iݟ\E\>i\%?xnnJFbdĦT\K\\ >\4\pu\\\T\nҔ\8\Uyq8\CR3QU=C\醋ҘpC\\v\	P]\9*\S\u\h\uM\\5\o)\1\|bL\n\'\VJ\EBa6_\O~.u\(Mv}\:p\"ǯ~*iYS\٫<ۋ)\ӔH@-\U\\4Ѥ؈6ZE\\\g/K\eJ\Jb\\@B3F\\	O*懆XT\:\\\\\zK\\Y\Ȉw$IA\PZ\9DADN\ZE?ݚE8\:\&@Dy5\Δm}mo\}J\\ pW\Zt\\S6\84BTZ\\"@\S!;=\\UMl\B\\\*\'EɮM\\\\V\(^i*\0V\r*\?}S\zqdGa\g\0\0\0Z]\[<c||>:h\+`-\q\\\9@Z4D\jy!\?\\堁>\rU\\0?\t2rbcJIAtsG/9T7dŚ*9x\u Dj\%WUCc\^\#ov\[\7^\6j$\\OP\nᑮQ\\Y4\\J\\nVET*\"C9=\\`\=z\\´vt\ZhDZt\~@xȁ@\C9\]GoѤ\\\Zn.\+\*T+\8WZ\v\5\\nm\:\ tT3T-ͼ{ѷ\H3wAy\T]%\&%\\JR\HVl>m4HB\\2\1>j流{p\\ղl\V\얻tP*g*\Z}H	GRoBŠY\\Ɍ9Z>Ej*0R9c\"\P9j@\\lpQ\Z\nf\\9%R\\[t\\"\\I\5\D0\,D*$#䧡j)\-/MDp\nROU(8g\\0\0d\`\/\\0\0/(IQU\Jk\\\/\u\`=US\nf8@q\%\\>_\MLn_O~:K!Hje\T)NC\0\rrR)!\@ !\@CF\\ޒ\\\ D1\ \"\0\0\0h2y<ξz\\\\u}\?m\Z4h5t[A5R1\Ad	\C)#PNGSP)\\6R^fZbQV\Y \n\\,FM/iM\	V\\NTꈄ9\i*jJ~\f\zI9\(8\pwiYS5T\~v\ed;)+wZnWmAu#\af#\\?Uғ)Dєfn񳴻	:`\\7뷁\3\y+p\"l勸\\}J\\\,QG\dռiQ\h٨D)Qu,gB\ѓۍ\\f4\DJn]Hٛ\xZ\\sh\\\x\ws\r*) zbpwKhl/gUE\\z=\\r\L#f)\#CZN\5\,%ն)؊!ʱH\Z\\聛\\\.\G\oS\\N\jZcjzUYa\"a\Ц\j^S\\,\\<fLuu%iih﹥ӶϪ\\Xji\e\\I[Q\2(\_SO\4\*\Gp4L\iH\MG}\.Lht=?gҧrʙp\=Fn\i+ \,A+	\n\n\;jCT\j\ʆz6mmjv&\0Nw4ky;,3h-|CkXB6Mj1mLP/$8V@#Q6㟬\M.Y[ͶiZ~t\m\B\7M\c\N5d\nb\\C,S1\ފ]عU\7m*\zmߦiS2WHQ4\EF)X\CDMn\d1^{\.\\hf\\nrM\\<_|\R\c\\O.<\]3Ê\!\stH\\0w\FE\s\8\X(9$p\0\΍N?O?\u}\?~^C\thԼep8dp?|s\0\8\rj\\\\\\\\ɸ+[BR+#\\̐R\XşI\!\PQa\\@\0GAry`O,0ƛEOJ7av\G\~\ەd\V$\r4w\\l\\Q\\\0;rޕ\\\Kwl,tJt3ƦE\aFˀ`\:R\B\0A\\bn3\ѐ\}.c\0\DUtf\1\O\!I]\LvIn*\\\&;\ڶ\;*\CLELR7B#\Ļm6\$\\EM~\\\-y-\>X\H[vBZ.z\r$f\DxD%Å{16\/\ێ\\\(\\\;-*mSBd\O,\	ISlt\\4{\]\\W\P\}#UHۈJeJN 2\~E\[;M\\\"dܘ{!\2\&DP6{r%\AM\\\ GGvȡjl\\,agL!²\1L,z6r\\\j>\\\\\غx:\N|\"B\\MeA\*TL\SLGD7kn\[3[e[\"\Bj\"%*JaUI\naø\;\+M\WAp\\"<0?\ΡxϷwR\0Zܫ\g^3M-HHP\\\\ZNb%eSed\nR[C3\\\J\4eyf\2\;JTPF!\'OT-V`U?Ö.ەFl\&@5\2.)id*o\P@\PR\08xC|dq\JbF$S:Wl	Kݤ\0<g\7!\\"\h0\#nej\\tU-)J-O3H<\YQFRt\+ɽl\nRڰj\C\\q\_U\\,\W48&\E^\n *\!=G)\60ʹ: T\\A\r[}\\^!\\Y䌔{\r-/Ṉi\ȩ6\"ͤ!&H7v~\\5@\k=yh\d\\0uP\,\R*%008%)i<xG\8\t	;\otM,ݺ\\W:\\\'GJ\ \j\\\"\0LV(\\1\%^oOT\E%$U0Vޛ+\\J\'(\s\b 2ʨ 	C\Ztk\\m\\\0\\nY\+&@\R\DTQ@\02\\" \06Kj\v[c]ѷ\rd\Y\^ \\n\:hQq^F\!v\\3da5r\e\\\Tܼ\SRu\%E0m\\]*-R\0\'\0\I\h~gK\r-M׹E\w\AHhjHt#*Q\0BJ&,#\ZLwtݞwvb\n\vsC\U`z\\X\\\\\%dz~\"y\PP>!8\-\\/\؞Gm\@JjB\H2F8	F	:\2)!V\+%1߁\Jb\9\Z\\\Zf\?VY\"MfT7E(D9;B\\sPğ\~G\\vn)(kI=Rqg9$-T\t]Lp\"m\rl]|\tXQpN15;\Ȥle	ry[Mz0\Z	\Z\=pHRY\\\PC1iA@$ <$BHϷ\c1$\rKR.\\Y\\\nEW3$qw!M\Zje\\P\c)=Q1\(qiTldj.\œD) 4K&SX\-QjL-A\i\J8\KVOc[U\\[H]fh}i(8\0h\wjݫxPq\\\p|B<\lPAdRne	HP\\nD)(\0RkV,\r$|\5ut\\RZBDUq\0:/g 9*D\Ӕ6˵\۷[ptͩ\|v5&\LM\OT2*\n\ӄn\\\\"\jHa{AQ\3\\AnȎ=I|3\0c \\CA5 4\\Wk@\厼h21\ d`<<t\<3\\9\s\T́î\ZlB\\"v\\!)D˧\0:j\{Bђ\n	\'Iw=\Z4kkVJwJI\\nb8uYQ+Ü\;\g8\WDtxbt\0T\\Z\a(\0`\nRC\0-\Z4-!#JntA0\b&\0\\08Ǘ-xVș\<\0\z|<4h\|\p\]\raa~#\\:[A\\1\\0?>?\Z\n\\*\rA\q\\\:}5\V\\I .BUqW2 n  \r\Z4\\\hɠJn=\Ma\"ep@)\Hl\xy0\f\Z\','C:\\Users\\SENA\\Documents\\NetBeansProjects\\Tienda_Com\\target\\classes\\producto\\porta-celular.jpg',12000,1),(7,'Portatil Lenovo','Portatil de 1 Tera de memoria y 8 de RAM',-4,_binary '\\\0JFIF\0\0\0\0\0\0\0;CREATOR: gd-jpeg v1.0 (using IJG JPEG v80), quality = 90\n\\0C\0\n\n\n\r\r\0\0h\0h\0\\0\0\0\0\0\0\0\0\0\0\0\0\0	\n\\09\0	\0\0\0\0\0\0!1	\"A2Qaq#Br$R\\0\0\0?\0ښ\"\"\"\"\"\"\"\"\"\"\"\"\"\"\"\".2+D]\Ij玚\4\c\Z:O >%c[$\!ߩ\+JҹXn9\Z\T\\kc]\\9p[jgϛc\\D.[,9\fK(c\I+GiE-Omz_]sdP\;\ַ,==bi\e|\~L\n\\\"\ŋ\>\<\\\g\MF\!_aڝ[e]\޹TZ׸\0-a8o\\"\\f\\{c\\FN/V\#q8\r7y<4/\m4妨ժ\\	d%iGZ\\o2T\\\'6Yz)Ţ\09=n\U\\Z\\V\o6HXͯH\G\N¶Զ_c\rE\k\ZP\\̎/\".<7هz\eK&+u\F_\7&P>S6QXn\/E/Ts\ngh\9\#SL\\;`<D	c\^g$GWJ-)H\\Ni\G\PyK=\\0y\;\=e{\usbPǤH\\\߶W\keF\)̶\\d}\\"~H\ŭ;}F1\I하\5*\xGU=\C\1TEMSSU/u$ފV\\`#\I/\JDq\\\8d\\\I\0r\}\{\\Y|\=\\N\κjs\0\Zk#cs톞\\i\iMA\0kOn\\WO =X7\]`o7xRYu=5\{]8y|on\\1\\\\9o1K\{\o\\дZ>\\0V\U\\p\'0;s[Ak\.o}\R]8GUs\.\|\{\\fdT\ryZ*n\\nڟeN\ۭMtЕ--8}3\\\n7\ x9\h\{Zv\oiM0tO%}s/\\U\Zz\P\4\T\=B󾳣WpA?Ӵ<\0{\ r\PA[\:خ|>8]߭d\S==\\/R]\e\27\\YKIn\hXi\'2\Vw\\en\E>P\\\SQ5\ច\\h{\0v=״\Vzجv\Gqp\n\H|҆g\h$\Ϛ\#!a\sm\JTP\\ 1U\\Aݚ\0\ÑZk\wݠlS2\r\\\)!\K,\F\\\F\0q\9i\\\xczgv\rj\Co\\Ja0zwp\\+6\\-\W\:M\I$R`k\"	!mt\\MWut?s%\m\Ӳ\r Y!\θU??H,駶G\;aکhd15@(\REO\0:|( \p\vޖ9d\M5l\0AG`{G\"c\Z\\\','C:\\Users\\SENA\\Documents\\NetBeansProjects\\Tienda_Com\\target\\classes\\producto\\dell.jpg',1200000,1),(8,'MAUSE','inalambrico',5,_binary '\\\0JFIF\0\0H\0H\0\0\/\nPhotoshop 3.0\08BIM\0\0\0\0\0,Z\0%G\0\0B7\020200721<\0124448+00008BIM%\0\0\0\0\0lD.w@q&\'ǐ8BIM:\0\0\0\0\0\\0\0\0\0\0\0\0\0\0\0\0printOutput\0\0\0\0\0\0\0PstSbool\0\0\0\0Inteenum\0\0\0\0Inte\0\0\0\0Clrm\0\0\0printSixteenBitbool\0\0\0\0printerNameTEXT\0\0\0\0\0\0\0\0printProofSetupObjc\0\0\0\0A\0j\0u\0s\0t\0e\0 \0d\0e\0 \0p\0r\0u\0e\0b\0a\0\0\0\0\0\nproofSetup\0\0\0\0\0\0\0Bltnenum\0\0\0builtinProof\0\0\0	proofCMYK\08BIM;\0\0\0\0-\0\0\0\0\0\0\0\0\0\0\0printOutputOptions\0\0\0\0\0\0\0Cptnbool\0\0\0\0\0Clbrbool\0\0\0\0\0RgsMbool\0\0\0\0\0CrnCbool\0\0\0\0\0CntCbool\0\0\0\0\0Lblsbool\0\0\0\0\0Ngtvbool\0\0\0\0\0EmlDbool\0\0\0\0\0Intrbool\0\0\0\0\0BckgObjc\0\0\0\0\0\0\0\0\0RGBC\0\0\0\0\0\0\0Rd  doub@o\\0\0\0\0\0\0\0\0\0Grn doub@o\\0\0\0\0\0\0\0\0\0Bl  doub@o\\0\0\0\0\0\0\0\0\0BrdTUntF#Rlt\0\0\0\0\0\0\0\0\0\0\0\0Bld UntF#Rlt\0\0\0\0\0\0\0\0\0\0\0\0RsltUntF#Pxl@R\0\0\0\0\0\0\0\0\0\nvectorDatabool\0\0\0\0PgPsenum\0\0\0\0PgPs\0\0\0\0PgPC\0\0\0\0LeftUntF#Rlt\0\0\0\0\0\0\0\0\0\0\0\0Top UntF#Rlt\0\0\0\0\0\0\0\0\0\0\0\0Scl UntF#Prc@Y\0\0\0\0\0\0\0\0\0cropWhenPrintingbool\0\0\0\0cropRectBottomlong\0\0\0\0\0\0\0cropRectLeftlong\0\0\0\0\0\0\0\rcropRectRightlong\0\0\0\0\0\0\0cropRectToplong\0\0\0\0\08BIM\\0\0\0\0\0\0H\0\0\0\0\0H\0\0\0\08BIM&\0\0\0\0\0\0\0\0\0\0\0\0\0\0\0?\0\08BIM\r\0\0\0\0\0\0\0\08BIM\0\0\0\0\0\0\0\08BIM\0\0\0\0\0	\0\0\0\0\0\0\0\0\08BIM\'\0\0\0\0\0\n\0\0\0\0\0\0\0\08BIM\0\0\0\0\0H\0/ff\0\0lff\0\0\0\0\0\0\0/ff\0\0\0\0\0\0\0\0\02\0\0\0\0Z\0\0\0\0\0\0\0\0\05\0\0\0\0-\0\0\0\0\0\0\0\08BIM\0\0\0\0\0p\0\0\\0\0\0\0\\0\0\0\0\\0\0\0\0\\0\08BIM\0\0\0\0\0\0\08BIM\0\0\0\0\0\n\0\0\0\0\0\0\0\0\0\08BIM0\0\0\0\0\0\08BIM-\0\0\0\0\0\0\08BIM\0\0\0\0\0\0\0\0\0\0@\0\0@\0\0\0\08BIM\0\0\0\0\0\0\0\0\08BIM\Z\0\0\0\0[\0\0\0\0\0\0\0\0\0\0\0\0\0 \0\0 \0\0\0\0I\0M\0G\0_\02\00\02\00\00\07\02\01\0_\01\02\04\04\04\07\0\0\0\0\0\0\0\0\0\0\0\0\0\0\0\0\0\0\0\0\0\0\0\0\0\0\0\0\0\0\0\0 \0\0 \0\0\0\0\0\0\0\0\0\0\0\0\0\0\0\0\0\0\0\0\0\0\0\0\0\0\0\0\0\0\0\0\0\0\0\0\0\0\0\0\0\0\0\0null\0\0\0\0\0\0boundsObjc\0\0\0\0\0\0\0\0\0Rct1\0\0\0\0\0\0\0Top long\0\0\0\0\0\0\0\0Leftlong\0\0\0\0\0\0\0\0Btomlong\0\0 \0\0\0\0Rghtlong\0\0 \0\0\0slicesVlLs\0\0\0Objc\0\0\0\0\0\0\0\0slice\0\0\0\0\0\0sliceIDlong\0\0\0\0\0\0\0groupIDlong\0\0\0\0\0\0\0originenum\0\0\0ESliceOrigin\0\0\0\rautoGenerated\0\0\0\0Typeenum\0\0\0\nESliceType\0\0\0\0Img \0\0\0boundsObjc\0\0\0\0\0\0\0\0\0Rct1\0\0\0\0\0\0\0Top long\0\0\0\0\0\0\0\0Leftlong\0\0\0\0\0\0\0\0Btomlong\0\0 \0\0\0\0Rghtlong\0\0 \0\0\0urlTEXT\0\0\0\0\0\0\0\0\0nullTEXT\0\0\0\0\0\0\0\0\0MsgeTEXT\0\0\0\0\0\0\0\0altTagTEXT\0\0\0\0\0\0\0\0cellTextIsHTMLbool\0\0\0cellTextTEXT\0\0\0\0\0\0\0\0	horzAlignenum\0\0\0ESliceHorzAlign\0\0\0default\0\0\0	vertAlignenum\0\0\0ESliceVertAlign\0\0\0default\0\0\0bgColorTypeenum\0\0\0ESliceBGColorType\0\0\0\0None\0\0\0	topOutsetlong\0\0\0\0\0\0\0\nleftOutsetlong\0\0\0\0\0\0\0bottomOutsetlong\0\0\0\0\0\0\0rightOutsetlong\0\0\0\0\08BIM(\0\0\0\0\0\0\0\0?\0\0\0\0\0\08BIM\0\0\0\0\0\0\0\0\n8BIM\0\0\0\0!\\0\0\0\0\0\0\0\0\0\0\0\\0,\0\0\0!\0\0\\XICC_PROFILE\0\0\0HLino\0\0mntrRGB XYZ \\0\0	\0\01\0\0acspMSFT\0\0\0\0IEC sRGB\0\0\0\0\0\0\0\0\0\0\0\0\0\0\\0\0\0\0\0\-HP  \0\0\0\0\0\0\0\0\0\0\0\0\0\0\0\0\0\0\0\0\0\0\0\0\0\0\0\0\0\0\0\0\0\0\0\0\0\0\0\0\0\0\0\0\0\0\0cprt\0\0P\0\0\03desc\0\0\0\0\0lwtpt\0\0\0\0\0bkpt\0\0\0\0\0rXYZ\0\0\0\0\0gXYZ\0\0,\0\0\0bXYZ\0\0@\0\0\0dmnd\0\0T\0\0\0pdmdd\0\0\\0\0\0vued\0\0L\0\0\0view\0\0\\0\0\0$lumi\0\0\0\0\0meas\0\0\0\0\0$tech\0\00\0\0\0rTRC\0\0<\0\0gTRC\0\0<\0\0bTRC\0\0<\0\0text\0\0\0\0Copyright (c) 1998 Hewlett-Packard Company\0\0desc\0\0\0\0\0\0\0sRGB IEC61966-2.1\0\0\0\0\0\0\0\0\0\0\0sRGB IEC61966-2.1\0\0\0\0\0\0\0\0\0\0\0\0\0\0\0\0\0\0\0\0\0\0\0\0\0\0\0\0\0\0\0\0\0\0\0\0\0\0\0\0\0\0\0\0\0\0\0\0\0\0XYZ \0\0\0\0\0\0Q\0\0\0\0\XYZ \0\0\0\0\0\0\0\0\0\0\0\0\0\0\0\0XYZ \0\0\0\0\0\0o\0\08\0\0XYZ \0\0\0\0\0\0b\0\0\0\0\XYZ \0\0\0\0\0\0$\0\0\0\0\desc\0\0\0\0\0\0\0IEC http://www.iec.ch\0\0\0\0\0\0\0\0\0\0\0IEC http://www.iec.ch\0\0\0\0\0\0\0\0\0\0\0\0\0\0\0\0\0\0\0\0\0\0\0\0\0\0\0\0\0\0\0\0\0\0\0\0\0\0\0\0\0\0\0\0\0\0desc\0\0\0\0\0\0\0.IEC 61966-2.1 Default RGB colour space - sRGB\0\0\0\0\0\0\0\0\0\0\0.IEC 61966-2.1 Default RGB colour space - sRGB\0\0\0\0\0\0\0\0\0\0\0\0\0\0\0\0\0\0\0\0\0\0desc\0\0\0\0\0\0\0,Reference Viewing Condition in IEC61966-2.1\0\0\0\0\0\0\0\0\0\0\0,Reference Viewing Condition in IEC61966-2.1\0\0\0\0\0\0\0\0\0\0\0\0\0\0\0\0\0\0\0\0\0\0\0\0\0\0view\0\0\0\0\0\0_.\0\\0\\\0\0\\\0\0\0XYZ \0\0\0\0\0L	V\0P\0\0\0W\meas\0\0\0\0\0\0\0\0\0\0\0\0\0\0\0\0\0\0\0\0\0\0\0\0\0\0\0\0sig \0\0\0\0CRT curv\0\0\0\0\0\0\0\0\0\0\0\n\0\0\0\0\0#\0(\0-\02\07\0;\0@\0E\0J\0O\0T\0Y\0^\0c\0h\0m\0r\0w\0|\0\0\0\0\0\0\0\0\0\0\0\0\0\0\0\\0\\0\\0\\0\\0\\0\\0\\0\0\0\r%+28>ELRY`gnu|\\\\\&/8AKT]gqz\\\\\0!-8COZfr~\\\\ -;HUcq~\\\\r+:IXgw\\\\'7HYj{\\+=Oat\\2FZn\\		%	:	O	d	y				\	\	\n\n\'\n=\nT\nj\n\n\n\n\\n\\n\"9Qi\\*C\\u\\r\r\r&\r@\rZ\rt\r\r\r\\r\\r.Id\\	%A^z\\	&Ca~\1Om\\&Ed\\#Cc\\\'Ij\4Vx\&Il\Ae\@e\ Ek\\Z\Z*\ZQ\Zw\Z\Z\\Z\;c\*R{\Gp\\@j\>i\  A l  \ !!H!u!!\!\"\'\"U\"\"\"\#\n#8#f##\#$$M$|$$\%	%8%h%%\%&\'&W&&&\\'\'I\'z\'\'\(\r(?(q((\))8)k))\**5*h**\++6+i++\,,9,n,,\--A-v--\..L...\/$/Z//\/050l00\11J1112*2c22\3\r3F3334+4e44\55M55\5676r66\7$7`77\88P88\99B999:6:t::\;-;k;;\<\'<e<<\=\"=a==\> >`>>\?!?a??\@#@d@@\A)AjAA\B0BrBBC:C}CDDGDD\EEUEE\F\"FgFFG5G{GHHKHH\IIcIIJ7J}J\KKSKK\L*LrLMMJMM\N%NnNO\0OIOO\P\'PqPQQPQQ\R1R|R\SS_SSTBTT\U(UuU\VV\\VVWDWW\X/X}X\Y\ZYiYZZVZZ[E[[\\\5\\\\\]\']x]\^\Z^l^__a_``W``aOaabIbbcCcc\d@dd\e=ee\f=ff\g=gg\h?hh\iCiijHjjkOkklWlmm`mnnkn\ooxo\p+pp\q:qqrKrss]sttpt\u(uu\v>vvwVwxxnx\y*yy\zFz{{c{\|!||\}A}~~b~\#\G\nk͂0W\Grׇ;iΉ3dʋ0cʍ1fΏ6n֑?z\M _ɖ4\nu\L$h՛BdҞ@iءG&v\Vǥ8\Zn\Rĩ7u\\\ЭD-\0u\`ֲK³8%yh\YѹJº;.!\nzp\g\\_\\\X\\\Q\\\K\\\F\\\Aǿ\=ȼ\:ɹ\8ʷ\6˶\5̵\5͵\6ζ\7ϸ\9к\<Ѿ\?\\D\\\I\\\N\\\U\\\\\\\\d\\\l\\v\ۀ\܊\ݖ\ޢ\)߯\6\\D\\\S\\\c\\\s\\\\r\\\\2\\F\\\[\\\p\\\\\(\\@\\X\r4\P\m8\W\w)K\m\\0Adobe_CM\0\\0Adobe\0d\0\0\0\\0\0			\n\r\r\r\0\0\0\"\0\\0\0\n\?\0\0\0\0\0\0\0\0\0\0	\n\0\0\0\0\0\0\0\0\0	\n\03\0!1AQa\"q2B#$Rb34r\C%S\cs5&DTdE£t6\U\e\\u\F\'\\\\\\Vfv\\\7GWgw\\\\05\0!1AQaq\"2B#R\3$b\rCScs4%&5\\DTdEU6te\\\u\F\\\\\\Vfv\\\\'7GWgw\\\0\0\0?\0TI%)$IJI$RI$I%)$IJI$RI$I%)$IO\TI%)$IJI$RI$I%)%_3?W7\"j>絀\V%\0\\N\^S\\k{ZڿDi.J\\\Z\S{C\0\0ώV\\K\{\0\ҥ=\ZK3\\'Dȍu\kV\\\\0\ZujIKI)I$J\TI%)$IJI$;\m\muW=\\0\RD\L\Zs1\gҲ\\r\:\ʢ\:%c!\AʲEC*w.uN\rvege\\^=|{+\\bJ{ί3\mf\X˵\k/85\\(Ĭ}\'[/\\\.\Ms\0Mzc5\*\+2\\\O\r&\\\\2^\\0e-\mѬo\o\\\\eT\6\u\\6e\\\v۞\s\-\V\WSCꖏ\,\0\?/T\\ֺک\ikݐ\9\][\\0\*t\58\\}\ѱQHs+]\\r?\~V\1\e\\Ǽl,{\õ\\\k\\\0\تq\)u.Ԭ\{ki\fo꟭\Z\\\uP\Zt]\'D\~ֳJ\\\Ѥ·1\V;?b p.\0۵>Ӂ.7MA\w\yC\0Al#?Cc\\\\\\mGwf+cg\u\?\0\SI$\TI%)$;\\eW]qoQɟBo\d[3\\0.Ĕ\ּYkϩ~C:\?sү\\_\}n\\}\\\\0\\qgYnF]\\\yגK;\( hQte亲Sp8F`\^\0\u^\Jsr:9ۄ,\m퍶;\\\\?\0x]3+\Ex\$\\r,o\K+\\U2멘\0;G\qn\2sv\1\?IOU4\"מ\1\\\~&\rd^es\}T\mǿ}W`\ش\:vefĲ\mu\c+;\-\0ξ\I)\\ůY\۳\\0\:iߧ\W[1\0D2rrcȴ\\w\'\Z}7\\[=Glܛ_q\\ʶ\Yg\\\\^\0Z\]\0E=N\fd5S]E9%9xYy66\\0A\\h[Gt\=N\Kz}\ɶ\{1\\U>\\ߋ\\=7\>\v\\'7M8lYI3撛3ib\kѺX\\\}_ķgK\0I\\k\\q?G\\0\\0\\0jȾ1\m\UX\\\Z\p\X\5Yamb\\O\nݔ\\\0T:OV\MxV\\X\Z\f\[W	!}T\y}FϪX\\\%;\\\z~{\WOR\[Q8%\Zp?ScYfk#\S30^2-i05\ǟ&MH)\.6PX\\\{Ƭw-VW\'3cd6\egk\0&\Sr\S\TX[\}\\\\BF.4\]C\\0\\IL~}n\\Z\/\W\\Yzǹ\0\\T\\δߕ{[k\Z\u3M\n\e\s7\^wYa\`\0UF\01\ZAI+b\k\\r\\\0)\LkZ\emm\:P.\E:4H\wg\0һY\e\ϝu2Ƿ}\n?{o\0&6[[&\\\\\\nZy\t^C!\0N\z\\\%Y5~\\Zw\\\v\c\0\H3\\\\N\\g7}-\Z4\0<N\Z\41\Z8LQR΃\B@\OrJHQ)7sJ\yojǫ:T\E\0M\\W\0^Jwt2ծdۑ5\5>\r\i\0\0adg\Gzn\\\N\[u\\\h\0\0]_מ:?Mf	mY\\\\h\T\\0z\,\ls\k\X\jʩ\0ϸ\\0\\\\鮫,^\5\\\\\\h{\\kwY=n\0s\K\|L\0\ܵ\\\\ly\\0A%<o\Nޝ\\JM\\\r\Z	;\0EZ^\o\\\|u2|\^\U\\\\\\mtX\$\vz{?\\k1\0T\m\0&J@\Z\q\\O\0\\T\\0<\:ӉAcO\P\Mn\A(e5\\>\K$\0w\=\\\\c\_H\Ʒ}{6Ü\3_O?F\ut?R;c1%Unz_\},g\"\/\Ƴ3&\C\\\C[X\eU\0%>[\3\ͯ\6۶Yw>?6\\sK5TY[kn\ܞI\-.\2:\s\oS}\ElQoӺϧ}\0\\TʃS!7ּ53\C<Lw\Z\X\82\%\{\\cG\9\\\\\NeE\k\ߴ\\[E;ϻ\bb3%\\>\Γ\:V84^\kgd\0_\k5+\\\\=;oY\mn7\03{s_Π\fW֎\zcVI,\rlm\쮯}\0<\R\:Halٺ\\ZCZ\\eM}\\hǫ+\2ב\}\\?W]ޟǮ\N\x׺^[%\.|{Cy\rJe\V^\\{y_g\\,\\`\\0Ihf͢}ն^gBcf\SE\}y\\;2\P߄\0ЧJy\7?W\j\h_@fo֎_#)\0?\0<{E\U\\0_)z:}F\\\\0_\XS*Ƹ:\5\\v\\\E?\Z1\c9xcHd8\_Q~3\۶хcH/s7#\~\\\0Ū\\f=:\۳I.,\\r~\6\,s\GQ*]M\\\Xv9C6\kma\\0\q=\{\~Zߦ\\Z\\\:f3=Wc՟\\\0\g\U\=0tˋ%\}%m}k\{\s?\=N}$	%%,P\TTx[;\0N\\`c?\-R-\\r\rU\98l\0-LL\ىg\vX\\}\Y\6\0K?ìlߐfsN̐7>\\o\?\=\Z?­JX\Z\'.{;,\c\uo\\ǭ\t 7\'m-6\Z\tc=u\\I\0\-[\~OEeۨvs\\\(\'\wc\'\:[*1\\O\\ξ\}ߢEeq.\0h.\0Z*rʥηd\\0џ\\hc\4\_ge\\0ʿ\\\v\\\Qc\7=\>\0\'\Iڼ&\\srݏA\\O=\r6\0\\}6\몆\\07ZJ{?ы3z\\X1\۲\\\\0Ef]\\t>\\;\\\X\0߱\Ծ\\\\\i\"\U\gF\\\\\\\@ݤ9m\\1\0;譭o~}S\-\\ZQc\d\d{+iT9Cҷ\Oqw^\5\A\\??\\\SK辶\M-湧G1\w\ro\\;\wP\\\rSHK\\r\'U.v׽\_\$I\'Ru%)UhU<z\'\b.\\Su-<4+<\\y\0-?\"w\.w\\:F{3\1\Z\\q\0=IJ%vϵ?\W\\z\y\6>:\Q\q\n;C\\0ݫ5on\aku\\0By\J{P98b\H;\\Ze\03\wk?E\\\8W\\pSMW#.ã\\g+K\0\U/\-\f\\\\z\3\P\>\F\\z_\\0/\N\L:\T\\Gw9\\\.SzWH\V\;C\\i\m~\\rݻ?\[k\\\ecW~݌5\QaOc\^[0z\Y\V\\\p\\]t/7?{7Q/\\\G\\\Ҳ\\1\;dco~\]\C*h1o\0\?\NV\׽UmR,{Y[?:\g\}=J\\\RI$\0\TI%)$IMlԱ\/Pǯ*jk\x\\\Eퟦ\\=_\"\f-8-\"=\Z\\>\˭\0vJ|\\\O\\\ka-P?\KW|hi\0ы\RIO\#On\0oM\0_r\]zI)d\0˗\0\;&:\Z>՛s\;\ru\0gұ\0*SGt^\0\m^;	tIq.w\{\\\X?Y\_\:s\Jhʱ}~n\vg*\0C׿\\oֿ}S=\sf?u\U\7~\\Q\mL\S\\LkS1=v`\r\-ݳ\[Xu^\3<\rCúf5v۷\]\ԡֲV]}\VvM\"ꙺK.\\\u\0\\0B\G=\"YgH\tWk\<s\0^\R\)6\0\\\\WW\f\\t\=@?:\~\n\5\0\\-c!\r\0F;\\8\RE\nI$S\TI%)$IJI$RI$I%)$IJI$S_7>\Q^M2\\\\E\_\GkZƆ\ZѠ\0v	\IJI$RI$\0\8BIM!\0\0\0\0\0U\0\0\0\0\0\0\0A\0d\0o\0b\0e\0 \0P\0h\0o\0t\0o\0s\0h\0o\0p\0\0\0\0A\0d\0o\0b\0e\0 \0P\0h\0o\0t\0o\0s\0h\0o\0p\0 \0C\0S\06\0\0\0\08BIM\0\0\0\0\\0\0\0\0\0\0\0\0\0\0\0\0\0\0\0\0\0\0\0\0\0\0\0\0\0\0\0\0\0\0\0\0\0\0\0\0\0\0\0\0\0\0\0\0\0\0\0\0\0\0\0\0\0\"\0\0\0\0\0\0\0\0\0\0\0\0\0\0\0\0\0\0\0\0\0\0\0\\0(\\\0\\0(\\\0\\0(\\\0\0N\\0,\\\0\\0(v\'\0\\0(v\'\0\0;\0*\0;\0*\0;\0*\0\0\N\09\0\N\09\0\N\09\0\0؝\09\0؝\09\0؝\09\0\0;\0:\0\0\0;\0:\0\0\0;\0:\0\0\0\0\0\0\0;;\0\0\0\0;;\0\0\0\0;;\0\0;\0=bv\0;\0=bv\0;\0=bv\0\0\0>\0\0>\0\0>\0\0\N\0?\0\N\0?\0\N\0?\0\0؝\0A\N\0؝\0A\N\0؝\0A\N\0\0؝\0F\'b\0؝\0F\'b\0؝\0F\'b\0\0\N\\0I\0\N\\0I\0\N\\0I\0\0ű;\0O;\0ű;\0O;\0ű;\0O;\0\0\\0W\\0\\0W\\0\\0W\\0\0\;\0d\0\;\0d\0\;\0d\0\0\bv\0t\0\bv\0t\0\bv\0t\0\0\N\\0bv\0\N\\0bv\0\N\\0bv\0\0\\N\0\'b\0\\N\0\'b\0\\N\0\'b\0\0\\N\0;\0\\N\0;\0\\N\0;\0\0D\\0I\\0\\0;\0\\0;\0\0bv\0\'b\0bv\0\'b\0bv\0\'b\0\0؝\0\N\0\0v\'\0\0v\'\0\0؝\0\N\\0\\0ǉ\\0\\0ǉ\\0\0;\0\\\\0~\\0Ɲ\0~\\0Ɲ\0\0h\N\0\\\\0b;\0;\0b;\0;\0\0Xbv\0\0T\0\0\0\0O\0\0\0V؝\0y\0X\'b\0v\0\0\0X\'b\0v\0\0\0\0X؝\0u\0X؝\0u\0X؝\0u\0\0X\0\0\0s\\0X\0\0\0s\\0X\0\0\0s\\0\0Xbv\0q\0Xbv\0q\0Xbv\0q\0\0Zv\'\0l\0\0\0Zv\'\0l\0\0\0Zv\'\0l\0\0\0\0h\\0I\0v\0\0\0>\N\0v\0\0\0>\N\0\0x\0>\0\0\0x\0>\0\0\0x\0>\0\08BIM\0\0\0\0\0\0\0\0\0\0\%\Exif\0\0MM\0*\0\0\0\0\0\0\0\0\0@\0\0\0\0\0\00\0\0\0\0\0\0\0\0\0\\0\0\0\0\0\0\0\0\0\0\0\0\0\0\\0\0\0\0\0\0\0\\0\0\0\0\0\0\0\0\0\0\0\0\0\0\Z\0\0\0\0\0\0\0\\0\0\0\0\0\0\0\(\0\0\0\0\0\0\01\0\0\0\0\0\0\02\0\0\0\0\0\0\0\0\0\0\0\0\0\0\0\0\0ipp\0i\0\0\0\0\0\0(\0\0\0\0\0HUAWEI\0JKM-LX3\0\0\0\0H\0\0\0\0\0\0H\0\0\0Adobe Photoshop CS6 (Windows)\02020:07:21 13:18:42\0\0\0\0\0(\0\0\0\0\0\0\0\0\0\0\0\0\"\0\0\0\0\0\0\0\'\0\0\0\0\0\0\0\0\0\0\00210\0\0\0\0\0\0\0\0\0\0\0\02\0\0\0\0\0\0\0\0\0\0\0F\0\n\0\0\0\0\0N\0\0\0\0\0\0V\0\n\0\0\0\0\0^\0\n\0\0\0\0\0f\0\0\0\0\0\0n\0\0\0\0\0\0\0\0\0\0\0\0\0\0	\0\0\0\0\0\0\0\0\n\0\0\0\0\0\0v\0\0\0\0\0\0~\0\0\0\0\0\0\0\0\0\0\0\0\0\0\0\0\00100\0\0\0\0\0\0\0\0\0\0\0\0\0 \0\0\0\0\0\0 \0\0\0\0\0\0\0\0\0\0\0\0\0\0\0\0\0\0\0\0\0\0\0\0\0\0\0\0\0\0\0\0\0\0\0\0\0\0\0\0\0\0\0\0\0\0\0\0\0\0\0\0\0\0\0\0\0\0\0\0\0\0\Z\0\0\0\0\0\0\0\0\0\0\0\0\0\0\0\0\0\0\0\0\0\0\0\0\0\0	\0\0\0\0\0\0\0\0\n\0\0\0\0\0\0\0\0\0\0\0\0\0\0\0\0\0\0\0\0\0;\\0\0\0\0\0\0\0d2020:07:21 12:44:48\02020:07:21 12:44:48\0\0\0\0_\0\0\0d\0\\0\0\'\0\0\0\0\0\0d\0\0\0\0\0\0\0\0\0\0\0\0\0\0\n\0\0\0\0\0\0d\0\0$\0\0\354642\0354642\0354642\0\0\0\0d\0\0\0d\0\0\0\0\0\0\0R98\0\0\0\0\0\00100\0\0\0\0\0\0\0\0\0\0\0\0\0\0\Z\0\0\0\0\0\0\n\0\0\0\0\0\0(\0\0\0\0\0\0\0\0\0\0\0\0\0\Z\0\0\0\0\0\0!\0\0\0\0\0\0\0H\0\0\0\0\0\0H\0\0\0\\XICC_PROFILE\0\0\0HLino\0\0mntrRGB XYZ \\0\0	\0\01\0\0acspMSFT\0\0\0\0IEC sRGB\0\0\0\0\0\0\0\0\0\0\0\0\0\0\\0\0\0\0\0\-HP  \0\0\0\0\0\0\0\0\0\0\0\0\0\0\0\0\0\0\0\0\0\0\0\0\0\0\0\0\0\0\0\0\0\0\0\0\0\0\0\0\0\0\0\0\0\0\0cprt\0\0P\0\0\03desc\0\0\0\0\0lwtpt\0\0\0\0\0bkpt\0\0\0\0\0rXYZ\0\0\0\0\0gXYZ\0\0,\0\0\0bXYZ\0\0@\0\0\0dmnd\0\0T\0\0\0pdmdd\0\0\\0\0\0vued\0\0L\0\0\0view\0\0\\0\0\0$lumi\0\0\0\0\0meas\0\0\0\0\0$tech\0\00\0\0\0rTRC\0\0<\0\0gTRC\0\0<\0\0bTRC\0\0<\0\0text\0\0\0\0Copyright (c) 1998 Hewlett-Packard Company\0\0desc\0\0\0\0\0\0\0sRGB IEC61966-2.1\0\0\0\0\0\0\0\0\0\0\0sRGB IEC61966-2.1\0\0\0\0\0\0\0\0\0\0\0\0\0\0\0\0\0\0\0\0\0\0\0\0\0\0\0\0\0\0\0\0\0\0\0\0\0\0\0\0\0\0\0\0\0\0\0\0\0\0XYZ \0\0\0\0\0\0Q\0\0\0\0\XYZ \0\0\0\0\0\0\0\0\0\0\0\0\0\0\0\0XYZ \0\0\0\0\0\0o\0\08\0\0XYZ \0\0\0\0\0\0b\0\0\0\0\XYZ \0\0\0\0\0\0$\0\0\0\0\desc\0\0\0\0\0\0\0IEC http://www.iec.ch\0\0\0\0\0\0\0\0\0\0\0IEC http://www.iec.ch\0\0\0\0\0\0\0\0\0\0\0\0\0\0\0\0\0\0\0\0\0\0\0\0\0\0\0\0\0\0\0\0\0\0\0\0\0\0\0\0\0\0\0\0\0\0desc\0\0\0\0\0\0\0.IEC 61966-2.1 Default RGB colour space - sRGB\0\0\0\0\0\0\0\0\0\0\0.IEC 61966-2.1 Default RGB colour space - sRGB\0\0\0\0\0\0\0\0\0\0\0\0\0\0\0\0\0\0\0\0\0\0desc\0\0\0\0\0\0\0,Reference Viewing Condition in IEC61966-2.1\0\0\0\0\0\0\0\0\0\0\0,Reference Viewing Condition in IEC61966-2.1\0\0\0\0\0\0\0\0\0\0\0\0\0\0\0\0\0\0\0\0\0\0\0\0\0\0view\0\0\0\0\0\0_.\0\\0\\\0\0\\\0\0\0XYZ \0\0\0\0\0L	V\0P\0\0\0W\meas\0\0\0\0\0\0\0\0\0\0\0\0\0\0\0\0\0\0\0\0\0\0\0\0\0\0\0\0sig \0\0\0\0CRT curv\0\0\0\0\0\0\0\0\0\0\0\n\0\0\0\0\0#\0(\0-\02\07\0;\0@\0E\0J\0O\0T\0Y\0^\0c\0h\0m\0r\0w\0|\0\0\0\0\0\0\0\0\0\0\0\0\0\0\0\\0\\0\\0\\0\\0\\0\\0\\0\0\0\r%+28>ELRY`gnu|\\\\\&/8AKT]gqz\\\\\0!-8COZfr~\\\\ -;HUcq~\\\\r+:IXgw\\\\'7HYj{\\+=Oat\\2FZn\\		%	:	O	d	y				\	\	\n\n\'\n=\nT\nj\n\n\n\n\\n\\n\"9Qi\\*C\\u\\r\r\r&\r@\rZ\rt\r\r\r\\r\\r.Id\\	%A^z\\	&Ca~\1Om\\&Ed\\#Cc\\\'Ij\4Vx\&Il\Ae\@e\ Ek\\Z\Z*\ZQ\Zw\Z\Z\\Z\;c\*R{\Gp\\@j\>i\  A l  \ !!H!u!!\!\"\'\"U\"\"\"\#\n#8#f##\#$$M$|$$\%	%8%h%%\%&\'&W&&&\\'\'I\'z\'\'\(\r(?(q((\))8)k))\**5*h**\++6+i++\,,9,n,,\--A-v--\..L...\/$/Z//\/050l00\11J1112*2c22\3\r3F3334+4e44\55M55\5676r66\7$7`77\88P88\99B999:6:t::\;-;k;;\<\'<e<<\=\"=a==\> >`>>\?!?a??\@#@d@@\A)AjAA\B0BrBBC:C}CDDGDD\EEUEE\F\"FgFFG5G{GHHKHH\IIcIIJ7J}J\KKSKK\L*LrLMMJMM\N%NnNO\0OIOO\P\'PqPQQPQQ\R1R|R\SS_SSTBTT\U(UuU\VV\\VVWDWW\X/X}X\Y\ZYiYZZVZZ[E[[\\\5\\\\\]\']x]\^\Z^l^__a_``W``aOaabIbbcCcc\d@dd\e=ee\f=ff\g=gg\h?hh\iCiijHjjkOkklWlmm`mnnkn\ooxo\p+pp\q:qqrKrss]sttpt\u(uu\v>vvwVwxxnx\y*yy\zFz{{c{\|!||\}A}~~b~\#\G\nk͂0W\Grׇ;iΉ3dʋ0cʍ1fΏ6n֑?z\M _ɖ4\nu\L$h՛BdҞ@iءG&v\Vǥ8\Zn\Rĩ7u\\\ЭD-\0u\`ֲK³8%yh\YѹJº;.!\nzp\g\\_\\\X\\\Q\\\K\\\F\\\Aǿ\=ȼ\:ɹ\8ʷ\6˶\5̵\5͵\6ζ\7ϸ\9к\<Ѿ\?\\D\\\I\\\N\\\U\\\\\\\\d\\\l\\v\ۀ\܊\ݖ\ޢ\)߯\6\\D\\\S\\\c\\\s\\\\r\\\\2\\F\\\[\\\p\\\\\(\\@\\X\r4\P\m8\W\w)K\m\\0Adobe_CM\0\\0Adobe\0d\0\0\0\\0\0			\n\r\r\r\0\0\0\"\0\\0\0\n\?\0\0\0\0\0\0\0\0\0\0	\n\0\0\0\0\0\0\0\0\0	\n\03\0!1AQa\"q2B#$Rb34r\C%S\cs5&DTdE£t6\U\e\\u\F\'\\\\\\Vfv\\\7GWgw\\\\05\0!1AQaq\"2B#R\3$b\rCScs4%&5\\DTdEU6te\\\u\F\\\\\\Vfv\\\\'7GWgw\\\0\0\0?\0TI%)$IJI$RI$I%)$IJI$RI$I%)$IO\TI%)$IJI$RI$I%)%_3?W7\"j>絀\V%\0\\N\^S\\k{ZڿDi.J\\\Z\S{C\0\0ώV\\K\{\0\ҥ=\ZK3\\'Dȍu\kV\\\\0\ZujIKI)I$J\TI%)$IJI$;\m\muW=\\0\RD\L\Zs1\gҲ\\r\:\ʢ\:%c!\AʲEC*w.uN\rvege\\^=|{+\\bJ{ί3\mf\X˵\k/85\\(Ĭ}\'[/\\\.\Ms\0Mzc5\*\+2\\\O\r&\\\\2^\\0e-\mѬo\o\\\\eT\6\u\\6e\\\v۞\s\-\V\WSCꖏ\,\0\?/T\\ֺک\ikݐ\9\][\\0\*t\58\\}\ѱQHs+]\\r?\~V\1\e\\Ǽl,{\õ\\\k\\\0\تq\)u.Ԭ\{ki\fo꟭\Z\\\uP\Zt]\'D\~ֳJ\\\Ѥ·1\V;?b p.\0۵>Ӂ.7MA\w\yC\0Al#?Cc\\\\\\mGwf+cg\u\?\0\SI$\TI%)$;\\eW]qoQɟBo\d[3\\0.Ĕ\ּYkϩ~C:\?sү\\_\}n\\}\\\\0\\qgYnF]\\\yגK;\( hQte亲Sp8F`\^\0\u^\Jsr:9ۄ,\m퍶;\\\\?\0x]3+\Ex\$\\r,o\K+\\U2멘\0;G\qn\2sv\1\?IOU4\"מ\1\\\~&\rd^es\}T\mǿ}W`\ش\:vefĲ\mu\c+;\-\0ξ\I)\\ůY\۳\\0\:iߧ\W[1\0D2rrcȴ\\w\'\Z}7\\[=Glܛ_q\\ʶ\Yg\\\\^\0Z\]\0E=N\fd5S]E9%9xYy66\\0A\\h[Gt\=N\Kz}\ɶ\{1\\U>\\ߋ\\=7\>\v\\'7M8lYI3撛3ib\kѺX\\\}_ķgK\0I\\k\\q?G\\0\\0\\0jȾ1\m\UX\\\Z\p\X\5Yamb\\O\nݔ\\\0T:OV\MxV\\X\Z\f\[W	!}T\y}FϪX\\\%;\\\z~{\WOR\[Q8%\Zp?ScYfk#\S30^2-i05\ǟ&MH)\.6PX\\\{Ƭw-VW\'3cd6\egk\0&\Sr\S\TX[\}\\\\BF.4\]C\\0\\IL~}n\\Z\/\W\\Yzǹ\0\\T\\δߕ{[k\Z\u3M\n\e\s7\^wYa\`\0UF\01\ZAI+b\k\\r\\\0)\LkZ\emm\:P.\E:4H\wg\0һY\e\ϝu2Ƿ}\n?{o\0&6[[&\\\\\\nZy\t^C!\0N\z\\\%Y5~\\Zw\\\v\c\0\H3\\\\N\\g7}-\Z4\0<N\Z\41\Z8LQR΃\B@\OrJHQ)7sJ\yojǫ:T\E\0M\\W\0^Jwt2ծdۑ5\5>\r\i\0\0adg\Gzn\\\N\[u\\\h\0\0]_מ:?Mf	mY\\\\h\T\\0z\,\ls\k\X\jʩ\0ϸ\\0\\\\鮫,^\5\\\\\\h{\\kwY=n\0s\K\|L\0\ܵ\\\\ly\\0A%<o\Nޝ\\JM\\\r\Z	;\0EZ^\o\\\|u2|\^\U\\\\\\mtX\$\vz{?\\k1\0T\m\0&J@\Z\q\\O\0\\T\\0<\:ӉAcO\P\Mn\A(e5\\>\K$\0w\=\\\\c\_H\Ʒ}{6Ü\3_O?F\ut?R;c1%Unz_\},g\"\/\Ƴ3&\C\\\C[X\eU\0%>[\3\ͯ\6۶Yw>?6\\sK5TY[kn\ܞI\-.\2:\s\oS}\ElQoӺϧ}\0\\TʃS!7ּ53\C<Lw\Z\X\82\%\{\\cG\9\\\\\NeE\k\ߴ\\[E;ϻ\bb3%\\>\Γ\:V84^\kgd\0_\k5+\\\\=;oY\mn7\03{s_Π\fW֎\zcVI,\rlm\쮯}\0<\R\:Halٺ\\ZCZ\\eM}\\hǫ+\2ב\}\\?W]ޟǮ\N\x׺^[%\.|{Cy\rJe\V^\\{y_g\\,\\`\\0Ihf͢}ն^gBcf\SE\}y\\;2\P߄\0ЧJy\7?W\j\h_@fo֎_#)\0?\0<{E\U\\0_)z:}F\\\\0_\XS*Ƹ:\5\\v\\\E?\Z1\c9xcHd8\_Q~3\۶хcH/s7#\~\\\0Ū\\f=:\۳I.,\\r~\6\,s\GQ*]M\\\Xv9C6\kma\\0\q=\{\~Zߦ\\Z\\\:f3=Wc՟\\\0\g\U\=0tˋ%\}%m}k\{\s?\=N}$	%%,P\TTx[;\0N\\`c?\-R-\\r\rU\98l\0-LL\ىg\vX\\}\Y\6\0K?ìlߐfsN̐7>\\o\?\=\Z?­JX\Z\'.{;,\c\uo\\ǭ\t 7\'m-6\Z\tc=u\\I\0\-[\~OEeۨvs\\\(\'\wc\'\:[*1\\O\\ξ\}ߢEeq.\0h.\0Z*rʥηd\\0џ\\hc\4\_ge\\0ʿ\\\v\\\Qc\7=\>\0\'\Iڼ&\\srݏA\\O=\r6\0\\}6\몆\\07ZJ{?ы3z\\X1\۲\\\\0Ef]\\t>\\;\\\X\0߱\Ծ\\\\\i\"\U\gF\\\\\\\@ݤ9m\\1\0;譭o~}S\-\\ZQc\d\d{+iT9Cҷ\Oqw^\5\A\\??\\\SK辶\M-湧G1\w\ro\\;\wP\\\rSHK\\r\'U.v׽\_\$I\'Ru%)UhU<z\'\b.\\Su-<4+<\\y\0-?\"w\.w\\:F{3\1\Z\\q\0=IJ%vϵ?\W\\z\y\6>:\Q\q\n;C\\0ݫ5on\aku\\0By\J{P98b\H;\\Ze\03\wk?E\\\8W\\pSMW#.ã\\g+K\0\U/\-\f\\\\z\3\P\>\F\\z_\\0/\N\L:\T\\Gw9\\\.SzWH\V\;C\\i\m~\\rݻ?\[k\\\ecW~݌5\QaOc\^[0z\Y\V\\\p\\]t/7?{7Q/\\\G\\\Ҳ\\1\;dco~\]\C*h1o\0\?\NV\׽UmR,{Y[?:\g\}=J\\\RI$\0\TI%)$IMlԱ\/Pǯ*jk\x\\\Eퟦ\\=_\"\f-8-\"=\Z\\>\˭\0vJ|\\\O\\\ka-P?\KW|hi\0ы\RIO\#On\0oM\0_r\]zI)d\0˗\0\;&:\Z>՛s\;\ru\0gұ\0*SGt^\0\m^;	tIq.w\{\\\X?Y\_\:s\Jhʱ}~n\vg*\0C׿\\oֿ}S=\sf?u\U\7~\\Q\mL\S\\LkS1=v`\r\-ݳ\[Xu^\3<\rCúf5v۷\]\ԡֲV]}\VvM\"ꙺK.\\\u\0\\0B\G=\"YgH\tWk\<s\0^\R\)6\0\\\\WW\f\\t\=@?:\~\n\5\0\\-c!\r\0F;\\8\RE\nI$S\TI%)$IJI$RI$I%)$IJI$S_7>\Q^M2\\\\E\_\GkZƆ\ZѠ\0v	\IJI$RI$\0\\XICC_PROFILE\0\0\0HLino\0\0mntrRGB XYZ \\0\0	\0\01\0\0acspMSFT\0\0\0\0IEC sRGB\0\0\0\0\0\0\0\0\0\0\0\0\0\0\\0\0\0\0\0\-HP  \0\0\0\0\0\0\0\0\0\0\0\0\0\0\0\0\0\0\0\0\0\0\0\0\0\0\0\0\0\0\0\0\0\0\0\0\0\0\0\0\0\0\0\0\0\0\0cprt\0\0P\0\0\03desc\0\0\0\0\0lwtpt\0\0\0\0\0bkpt\0\0\0\0\0rXYZ\0\0\0\0\0gXYZ\0\0,\0\0\0bXYZ\0\0@\0\0\0dmnd\0\0T\0\0\0pdmdd\0\0\\0\0\0vued\0\0L\0\0\0view\0\0\\0\0\0$lumi\0\0\0\0\0meas\0\0\0\0\0$tech\0\00\0\0\0rTRC\0\0<\0\0gTRC\0\0<\0\0bTRC\0\0<\0\0text\0\0\0\0Copyright (c) 1998 Hewlett-Packard Company\0\0desc\0\0\0\0\0\0\0sRGB IEC61966-2.1\0\0\0\0\0\0\0\0\0\0\0sRGB IEC61966-2.1\0\0\0\0\0\0\0\0\0\0\0\0\0\0\0\0\0\0\0\0\0\0\0\0\0\0\0\0\0\0\0\0\0\0\0\0\0\0\0\0\0\0\0\0\0\0\0\0\0\0XYZ \0\0\0\0\0\0Q\0\0\0\0\XYZ \0\0\0\0\0\0\0\0\0\0\0\0\0\0\0\0XYZ \0\0\0\0\0\0o\0\08\0\0XYZ \0\0\0\0\0\0b\0\0\0\0\XYZ \0\0\0\0\0\0$\0\0\0\0\desc\0\0\0\0\0\0\0IEC http://www.iec.ch\0\0\0\0\0\0\0\0\0\0\0IEC http://www.iec.ch\0\0\0\0\0\0\0\0\0\0\0\0\0\0\0\0\0\0\0\0\0\0\0\0\0\0\0\0\0\0\0\0\0\0\0\0\0\0\0\0\0\0\0\0\0\0desc\0\0\0\0\0\0\0.IEC 61966-2.1 Default RGB colour space - sRGB\0\0\0\0\0\0\0\0\0\0\0.IEC 61966-2.1 Default RGB colour space - sRGB\0\0\0\0\0\0\0\0\0\0\0\0\0\0\0\0\0\0\0\0\0\0desc\0\0\0\0\0\0\0,Reference Viewing Condition in IEC61966-2.1\0\0\0\0\0\0\0\0\0\0\0,Reference Viewing Condition in IEC61966-2.1\0\0\0\0\0\0\0\0\0\0\0\0\0\0\0\0\0\0\0\0\0\0\0\0\0\0view\0\0\0\0\0\0_.\0\\0\\\0\0\\\0\0\0XYZ \0\0\0\0\0L	V\0P\0\0\0W\meas\0\0\0\0\0\0\0\0\0\0\0\0\0\0\0\0\0\0\0\0\0\0\0\0\0\0\0\0sig \0\0\0\0CRT curv\0\0\0\0\0\0\0\0\0\0\0\n\0\0\0\0\0#\0(\0-\02\07\0;\0@\0E\0J\0O\0T\0Y\0^\0c\0h\0m\0r\0w\0|\0\0\0\0\0\0\0\0\0\0\0\0\0\0\0\\0\\0\\0\\0\\0\\0\\0\\0\0\0\r%+28>ELRY`gnu|\\\\\&/8AKT]gqz\\\\\0!-8COZfr~\\\\ -;HUcq~\\\\r+:IXgw\\\\'7HYj{\\+=Oat\\2FZn\\		%	:	O	d	y				\	\	\n\n\'\n=\nT\nj\n\n\n\n\\n\\n\"9Qi\\*C\\u\\r\r\r&\r@\rZ\rt\r\r\r\\r\\r.Id\\	%A^z\\	&Ca~\1Om\\&Ed\\#Cc\\\'Ij\4Vx\&Il\Ae\@e\ Ek\\Z\Z*\ZQ\Zw\Z\Z\\Z\;c\*R{\Gp\\@j\>i\  A l  \ !!H!u!!\!\"\'\"U\"\"\"\#\n#8#f##\#$$M$|$$\%	%8%h%%\%&\'&W&&&\\'\'I\'z\'\'\(\r(?(q((\))8)k))\**5*h**\++6+i++\,,9,n,,\--A-v--\..L...\/$/Z//\/050l00\11J1112*2c22\3\r3F3334+4e44\55M55\5676r66\7$7`77\88P88\99B999:6:t::\;-;k;;\<\'<e<<\=\"=a==\> >`>>\?!?a??\@#@d@@\A)AjAA\B0BrBBC:C}CDDGDD\EEUEE\F\"FgFFG5G{GHHKHH\IIcIIJ7J}J\KKSKK\L*LrLMMJMM\N%NnNO\0OIOO\P\'PqPQQPQQ\R1R|R\SS_SSTBTT\U(UuU\VV\\VVWDWW\X/X}X\Y\ZYiYZZVZZ[E[[\\\5\\\\\]\']x]\^\Z^l^__a_``W``aOaabIbbcCcc\d@dd\e=ee\f=ff\g=gg\h?hh\iCiijHjjkOkklWlmm`mnnkn\ooxo\p+pp\q:qqrKrss]sttpt\u(uu\v>vvwVwxxnx\y*yy\zFz{{c{\|!||\}A}~~b~\#\G\nk͂0W\Grׇ;iΉ3dʋ0cʍ1fΏ6n֑?z\M _ɖ4\nu\L$h՛BdҞ@iءG&v\Vǥ8\Zn\Rĩ7u\\\ЭD-\0u\`ֲK³8%yh\YѹJº;.!\nzp\g\\_\\\X\\\Q\\\K\\\F\\\Aǿ\=ȼ\:ɹ\8ʷ\6˶\5̵\5͵\6ζ\7ϸ\9к\<Ѿ\?\\D\\\I\\\N\\\U\\\\\\\\d\\\l\\v\ۀ\܊\ݖ\ޢ\)߯\6\\D\\\S\\\c\\\s\\\\r\\\\2\\F\\\[\\\p\\\\\(\\@\\X\r4\P\m8\W\w)K\m\http://ns.adobe.com/xap/1.0/\0<?xpacket begin=\"﻿\" id=\"W5M0MpCehiHzreSzNTczkc9d\"?> <x:xmpmeta xmlns:x=\"adobe:ns:meta/\" x:xmptk=\"Adobe XMP Core 5.3-c011 66.145661, 2012/02/06-14:56:27        \"> <rdf:RDF xmlns:rdf=\"http://www.w3.org/1999/02/22-rdf-syntax-ns#\"> <rdf:Description rdf:about=\"\" xmlns:xmp=\"http://ns.adobe.com/xap/1.0/\" xmlns:photoshop=\"http://ns.adobe.com/photoshop/1.0/\" xmlns:xmpMM=\"http://ns.adobe.com/xap/1.0/mm/\" xmlns:stEvt=\"http://ns.adobe.com/xap/1.0/sType/ResourceEvent#\" xmlns:dc=\"http://purl.org/dc/elements/1.1/\" xmp:CreatorTool=\"JKM-LX3 9.1.0.297(C605E4R1P1)\" xmp:ModifyDate=\"2020-07-21T13:18:42-05:00\" xmp:CreateDate=\"2020-07-21T12:44:48\" xmp:MetadataDate=\"2020-07-21T13:18:42-05:00\" photoshop:DateCreated=\"2020-07-21T12:44:46.159714432\" photoshop:ColorMode=\"3\" photoshop:ICCProfile=\"sRGB IEC61966-2.1\" xmpMM:DocumentID=\"B69526C8C742577A2B78BAC460C37BC2\" xmpMM:InstanceID=\"xmp.iid:AC5FEF8F7DCBEA11B26980AEB6B74891\" xmpMM:OriginalDocumentID=\"B69526C8C742577A2B78BAC460C37BC2\" dc:format=\"image/jpeg\"> <photoshop:DocumentAncestors> <rdf:Bag> <rdf:li>EF49E2B666BC92677C1DC613BA9393A7</rdf:li> </rdf:Bag> </photoshop:DocumentAncestors> <xmpMM:History> <rdf:Seq> <rdf:li stEvt:action=\"saved\" stEvt:instanceID=\"xmp.iid:AB5FEF8F7DCBEA11B26980AEB6B74891\" stEvt:when=\"2020-07-21T13:18:42-05:00\" stEvt:softwareAgent=\"Adobe Photoshop CS6 (Windows)\" stEvt:changed=\"/\"/> <rdf:li stEvt:action=\"saved\" stEvt:instanceID=\"xmp.iid:AC5FEF8F7DCBEA11B26980AEB6B74891\" stEvt:when=\"2020-07-21T13:18:42-05:00\" stEvt:softwareAgent=\"Adobe Photoshop CS6 (Windows)\" stEvt:changed=\"/\"/> </rdf:Seq> </xmpMM:History> </rdf:Description> </rdf:RDF> </x:xmpmeta>                                                                                                                                                                                                                                                                                                                                                                                                                                                                                                                                                                                                                                                                                                                                                                                                                                                                                                                                                                                                                                                                                                                                                                                                                                                                                                                                                                                                                                                                                                                                                                                                                                                                                                                                                                                                                                                                                                                                                                                                                                                                                                                                 <?xpacket end=\"w\"?>\\0C\0\\0C\0\0h\0h\0\\0\0\0\0\0\0\0\0\0\0\0\0\0	\n\\09\0\0	\0\0\0\0\0	!1\nA\"Q#2qaBr\\\\0\0\0\0\0\0\0\0\0\0\0\0\0\0\\0/\0\0\0\0\0\0\0\0!1AQaq\"2\B\b\\0\0\0?\0\ƀ4\r\0h@\Z\0\4\r\0h@\Z\0\4\r\0h@\Z\0\4\r\0h@:\ۛ\\\\\Ï%xHڼ\#\\J\n0Q*/,.S\0,[W\\t3n\N\刢\\0Rw\\YdbikN+5\.uKA$zq$\sͤ=THcup\/\\n75z~L\'(\\Q\\eZ\'\0\r\JV##\zA:~\0\%\r_	d\\cWs\=2\64Q\1\@\R]TUnGd\MtWEB*p:j\"r\0\\0\u\BEm\\/\GQ%`A\'ra=F)r\\r:\\U2 \\0\ \\n!\د:VZ.\N@I(A\1T)D\\@a/d\N%4C$4\r\0hs8nm#3E\tjjI[ Ւ(\\G$u9&n\4Ee&\0jKVJM茕\\XIUv[U&;4E\]\L\F\\7!P/겭&)o~\@J!\N\0+\zdϟ3790\_ʛ\drb߽\r\[\bZ\|ʹ\\'(\9D4\,EAȢf\n߅ֺQ=,$-ƹ\')o\ƭ\=)O\mjѬn\ceY\0*?;\-\nổOO-(w/Pp]Jf\+3lm\y^gi\/J\\cwN_g 9\*wmT,2mk2m-\\C<\\$\A\\g\ZW\Z:,%\\GN(7;\TH0e\Xܨ\vRjԄAyJ\S|qk\\c\51IU²E0O@LoLJ\0 \" \Z\k8(k{n%ę5KaZ(HFgN\JĄ\Iy\	Nt\Y2)s\\O5\*o~sB4\<\΀i\\5\IIA#-fhf\ei`TRYEe#U@E\m{@@\Z\0\1\\'0\\EaLo[1Y|RzUk\\]-i$ʮG\ǂQ4>\Ybbt*_-ߑ\\\k>n\)n-npDE*ҭ\Ys\nq\\4B5\02ݾD=̦\\\\\VU\\|ow\cigI\Ж\"\\p,@KkL዗,n`282e(\Z\Qyo[;\V1\sf<mm\\\ \\\\\b$S=\\"f\\h3\DFB:	*9\)ٳ-zm.~y:bm.r\\&B\u0J\lX\q$\뒝HnV+P.\\"/d\鑓hm~\guٕIAYqV;㷲\,򈴯B.\:Ue)\nRˤǵ4\1lU\Z%ݥm\ҙYOt\-}3ۭ\`XI[X\SP9*\\0XJF\\MrVҵ,\4mj\\Eʶu\&F+ٵ/)\"\)$1`G\^$\47ar$\0$Aѵ=\*N\\\\`OV8!D\Kf\Q]>\\٣,\%7\99U޻+Q3\%\\.L\\)d\ߨ\\roӿ6-9I\nӶ;\\eJ\lHJ^6\oEAN\	ue\1S3G `)-	\N\!ŧ\kB.E\l|r\q&ɤٽnϒS0?vS7MN\ď\X[˄DZw\Ej1vr{@^Erd`ʊ\9\AxF6{(e\e\vw\ܝ~,\\褐z1p1iWd	n\0F\(eUS&\vٲIhy\\\\\wֻ[\j؇1J\\ \H8\K\bCC\+\\\I_\%X\mjÈ\\)JG(Tb%RINDFhTT\5Pº\ꔽO\\Ģ\Cr\\fn\1\\n\ke8DA^\re.c?n\hYF-\R$&\Qk|\[\qR	\ϕXK\\'$\g\r\r5\6IĬ\BWJ]\\e\!8v-)v4\Q]\lE\lqq{{]\vnJW\^=3F\@x\\\0\"\ZHy;_IӇ\n\DCDD\0)@90\0\0<\Z\\K%z\R\\\ZZ\f\g~;̶\\-=M\9*͉\$աzl\V2P;:\jN\D^K9߱tWY\\\H^\r\\c#w\'sG䛥EU\\1RYk\r1rLb RgH%2ʛ\@|uMhD\\\CM\\\\\]9* @t\O\mʮ\Ȇﯯ\\7L\]\ll9X\wƌ eL&1&ϟ\%@\\|\/ߵR\^\or{C\\7\'[g;\S\H)\MYG\$uh/\Ң_]F\$\J\`L[։J\ZY\+%e\t\~=d\䈾xI&\\\V\qE0^\3o߄ZA\.\\&\\\f\\5R[Z:\nC\MW2L\0=3|iC4\:&֋/\o˅&R\ƟklV%\a>\  VˮqVI\`ٲETCH\Nd&_9\{[\y%n\5\\U\n\:0Y\K\ns\\Z\w\'*\"Bƿ\"\rZ\ق\Ag+\\\ZYldx1d܍Y4H\\"I?\\\"<D\\"#έv\y5^&dG|\\<~\0\\OF71nDDojs7{U\W,\w!\?\'x\\L]ʣM\h;e\L\\{)F1r\6cZ^F\а\\]\zo\"\KuMX\r\Z5d\S[ZfY*\1l渙B70\DE[\K׺\\]\9ػeI;:\:\1V\Q\Hu\\#!.TS)J^ͬ\ڸA\0\0M\n9?$I:\ۙU6e\<\0Փq}E>\\H_*z%0\0%UL\v\\ήJJOLבy\N\\=*pJGS\\\Њr&\o/~\0\r\x\8\y`lsx5\ɕVқf\蘆\\O\] n>\Uۤ`P\Up%jn\V݌;=\x\Z\$g\үՋQ\",H@\UC\"9J<u\\\\\nQ:<sI\0\֯2qU\ƚ\\!\6\j\'xD\\=\\+Ћn֞&%\%VP.4c\\J\<Y\\\\Z1\e4R]\EDǷ;.Tn\˪\-F#,\\\O\'	]rbB`+\\\UaEڎ,P*%1Ψ0:\(wC-ߑ&\8y\<<\0o<\"Y^\~\0>x|}wI=+[\d[3d\jut.1\\81\4?jqx\\Z\B7&8jMW\\\в[V!3<w\\ZM~Y7\I-ڽWq|\#\opJEQQ&8@\28X\PSzNiFQV[\\{;?\t6Q.4Wr)8V\"\`\"t\9QA&\"a9\G)K\\\,;3PPNQ\gmewJ\G6	8{`	H\%L\Wi\Uhiοβ.\11ݘ\\"\'Pyn3\'LTQV\\\<:\uuކ\:\K&\Z\O\形ljXf5n6<\rrGZ!@7S5\P\k[\\\PI\Wc;CUb\\&P!y\iBM\Dm#.\\\\i\\#[),G!Yu`h\S@%a\'%w)$\n\aҕeg\'t\D\\\\+k/\0.\\-Rd\F\\\+xɕY4\ʴ\R3rk%\Dj\XLX7+K\L;\\^\\RBΛ\n|YWF:>*$AT\,d\\ykX<zP\0p\J\\3f\2UE,\.\+TK\!\!\\\0X+J ㏁\\\W\Y)&\Vѩz*}4SUuD?\'\c\\\\Zj	Y\,\~\\[V*LZqm\\٬䓃&)$+=p \c|5\\M\m\5ӛM\&.\\\\[Qub\kp0mEuaJ1IU\\_\\ZI\\'PLx\dM\\R[y\"Y\\>v}u/<a*\\\H?Q-v\x\t@H4ZR\\%Z1@VX5X\$|COSm]\7\֎y\Q\\\3R\\r\\Isym\;vqE\"\ۀ,s^N\0TY ͲdR58W<^oĈb\Z\'n\}Z:\\\QS\,HC92\jW\;\!.7dY6n10	yl9\Z\UJ̤Y:\Ʊaɴllc6̑I6Y flZ7DD\"\$L\0)H\0\0\0k\8g<ms\YV\\2\Ͷ HS]2<`\\'1\n\[j.8E7\rId\r\Ij\\0\/ۊ\%t>\8R\\\ܨn<\.U\C6\\(\\G3+\"A\\uu^sĜl\V-\\hЎ:\\ \\\\n9v\x;TT\;8\"(7?4\Utן\"t\\93(\-y\9zѰU`<\T$ռیUy\\u4)00rz<D\\R*\\\9]m^a6\M)\(O(T\\07\EL\\\,(@5u%\nC{CX\Ux\f|E\(M4W\\\И\->\\wIf\T\@\F;\1v<T\U~U־\~]+	\ҐEF\Ieޒ\\\\c)\-?K\(T;ڞeγJx\[\"i\W[W%+\n!pO\gA$/\90\\FGJ	8t\\\\\v\\cI\1\\\\^\j{\T]\Xm-dG\x\v\w@\(Xq\yDѮтX7D9 e\R5\"zd\-:\,I;u>\\\8\suцHۥ\\\m$@Cȳ`\J1\bm2}X&\"\"\0r\Z]s\lM10\\\"\\X\Z\\SlrըF͔\\\\&Ғ\P-H\r\0\0>|\0\0MBu6쌖YC\"\\ՉөU+s\p\K5#Nz^|.ȓ\.)(\۪m2o\4\b\\Vm\\u:YزuuRcd	&bS0\B\\\(tT\n\\)@\\(Y* n>\HX:\Gkʚe?\Ls\0`Ҿ@UzϘDG\GCr\qǪp\0+\)}*\f\\\\@y)q\\@\0D;T\\\A/vT\8\\"\\[_\5koL\;\4;5XهM-\ʠUS/&\n\.Qq\>\M=h\DߺZmf6BE4\\rXAd\\\,L\\JHJJ9\d\c+%+$\E\\TJ\Sa`pd\!cNo-Y\mz?Y^\Z1 9RA]8S!  QWE\cb\Z0lY6\xTq\"k.\N7u_\0\oݝ?ÅJ=\Ԭm}l\o8g<],su\3x\n[[c[3\VX|NM|ıQ\\HbҦg.&\i]Դ\Ǔq=\\\~\Z\\\4\r\0h@\Z\0\}[}B\l5[\4\\\9IѲF-ȱ1q1W58LF\hFMK!\l=tYCV\\nt\ꕷ\6%\\/*l{\wq\E\\rW{\\p9Et\dTri7эP+d\}-]\7<jN\z2\\qN\iTR2Ւ|\瘱sMu\yKM\cE˅_˶n3*\ɚL5jhÊtF2\r\0h@\Z\0\4\r\0p!?\\\\@\Z\0\\','C:\\Users\\SENA\\Documents\\NetBeansProjects\\Tienda_Com\\target\\classes\\producto\\mauseinalam.jpg',12000,1);
/*!40000 ALTER TABLE `producto` ENABLE KEYS */;
UNLOCK TABLES;

--
-- Table structure for table `proveedor`
--

DROP TABLE IF EXISTS `proveedor`;
/*!40101 SET @saved_cs_client     = @@character_set_client */;
/*!50503 SET character_set_client = utf8mb4 */;
CREATE TABLE `proveedor` (
  `idproveedor` int NOT NULL,
  `tipo_docu_pro` varchar(45) NOT NULL,
  `nombre_pro` varchar(45) NOT NULL,
  `telefono_pro` varchar(13) NOT NULL,
  `correo` varchar(100) NOT NULL,
  `direccion_pro` varchar(250) NOT NULL,
  `tipo_persona` varchar(100) NOT NULL,
  `sexo_pro` int NOT NULL,
  `fecha_nacimiento` date NOT NULL,
  `condicion_pro` tinyint NOT NULL,
  PRIMARY KEY (`idproveedor`),
  KEY `sexo_idx` (`sexo_pro`),
  CONSTRAINT `sexo_pro` FOREIGN KEY (`sexo_pro`) REFERENCES `genero` (`idgenero`) ON DELETE CASCADE ON UPDATE CASCADE
) ENGINE=InnoDB DEFAULT CHARSET=utf8mb3;
/*!40101 SET character_set_client = @saved_cs_client */;

--
-- Dumping data for table `proveedor`
--

LOCK TABLES `proveedor` WRITE;
/*!40000 ALTER TABLE `proveedor` DISABLE KEYS */;
INSERT INTO `proveedor` VALUES (19293,'Cédula','Marcelino','2228','marcdlien@','pamplona','Juridica',2,'2023-10-09',1),(109387,'Nit','AguaAfro','1010','aguafro@hotmajj','centro','Natural',1,'2023-11-06',1),(1077473,'Nit','Hibi','2134','hibi@hot.com','porvenir','Juridica',1,'2023-10-16',1),(1627363,'Nit','arnol','2345','sfdf','medrano','juridica',2,'2023-10-16',1);
/*!40000 ALTER TABLE `proveedor` ENABLE KEYS */;
UNLOCK TABLES;

--
-- Table structure for table `rol`
--

DROP TABLE IF EXISTS `rol`;
/*!40101 SET @saved_cs_client     = @@character_set_client */;
/*!50503 SET character_set_client = utf8mb4 */;
CREATE TABLE `rol` (
  `idrol` int NOT NULL AUTO_INCREMENT,
  `nombre` varchar(100) NOT NULL,
  `condicion` tinyint NOT NULL,
  PRIMARY KEY (`idrol`)
) ENGINE=InnoDB AUTO_INCREMENT=4 DEFAULT CHARSET=utf8mb3;
/*!40101 SET character_set_client = @saved_cs_client */;

--
-- Dumping data for table `rol`
--

LOCK TABLES `rol` WRITE;
/*!40000 ALTER TABLE `rol` DISABLE KEYS */;
INSERT INTO `rol` VALUES (1,'administrador',1),(2,'usuario',1),(3,'invitado',1);
/*!40000 ALTER TABLE `rol` ENABLE KEYS */;
UNLOCK TABLES;

--
-- Table structure for table `usuario`
--

DROP TABLE IF EXISTS `usuario`;
/*!40101 SET @saved_cs_client     = @@character_set_client */;
/*!50503 SET character_set_client = utf8mb4 */;
CREATE TABLE `usuario` (
  `idusuario` int NOT NULL,
  `tipo_docusu` varchar(60) NOT NULL,
  `nombre` varchar(45) NOT NULL,
  `rango` int NOT NULL,
  `telefono` varchar(13) NOT NULL,
  `correo` varchar(100) NOT NULL,
  `sexo` int NOT NULL,
  `direccion` varchar(100) NOT NULL,
  `fecha_nacimiento` date NOT NULL,
  `login` varchar(45) NOT NULL,
  `contrasena` varchar(45) NOT NULL,
  `condicion` tinyint NOT NULL,
  PRIMARY KEY (`idusuario`),
  KEY `sexo_idx` (`sexo`),
  KEY `rango_idx` (`rango`),
  CONSTRAINT `rango` FOREIGN KEY (`rango`) REFERENCES `rol` (`idrol`) ON DELETE CASCADE ON UPDATE CASCADE,
  CONSTRAINT `sexo` FOREIGN KEY (`sexo`) REFERENCES `genero` (`idgenero`) ON DELETE CASCADE ON UPDATE CASCADE
) ENGINE=InnoDB DEFAULT CHARSET=utf8mb3;
/*!40101 SET character_set_client = @saved_cs_client */;

--
-- Dumping data for table `usuario`
--

LOCK TABLES `usuario` WRITE;
/*!40000 ALTER TABLE `usuario` DISABLE KEYS */;
INSERT INTO `usuario` VALUES (44,'Cédula de ciudadanía','4',1,'4','4@gmail.com',2,'2','2023-11-01','1','',0),(2222,'Cédula de ciudadanía','ana maria wENDY',1,'10101','hsjshdd@hiot.com',2,'medranosur','2023-10-17','admin','123',1),(18374,'Cédula de ciudadanía','marmar mar camo',1,'2323','sdsff',1,'cabi llll','2023-11-12','123','123',1),(107780,'Cédula de ciudadanía','Yara Eliza',1,'31456','yara@hotamil.com',2,'medranosur','2023-10-17','admin','12345',1),(134560,'Cédula de ciudadanía','Camila',1,'3333','hsjshdd',2,'medranosur','2023-10-17','admin','1111',1),(1077345,'Cédula de ciudadanía','marcelaaaaa',1,'3333','hsjshdd',2,'medranosur','2023-10-17','admin','1010',0);
/*!40000 ALTER TABLE `usuario` ENABLE KEYS */;
UNLOCK TABLES;

--
-- Dumping routines for database 'tiendacom_wendy'
--
/*!50003 DROP PROCEDURE IF EXISTS `actualizar_cliente` */;
/*!50003 SET @saved_cs_client      = @@character_set_client */ ;
/*!50003 SET @saved_cs_results     = @@character_set_results */ ;
/*!50003 SET @saved_col_connection = @@collation_connection */ ;
/*!50003 SET character_set_client  = utf8mb4 */ ;
/*!50003 SET character_set_results = utf8mb4 */ ;
/*!50003 SET collation_connection  = utf8mb4_0900_ai_ci */ ;
/*!50003 SET @saved_sql_mode       = @@sql_mode */ ;
/*!50003 SET sql_mode              = 'ONLY_FULL_GROUP_BY,STRICT_TRANS_TABLES,NO_ZERO_IN_DATE,NO_ZERO_DATE,ERROR_FOR_DIVISION_BY_ZERO,NO_ENGINE_SUBSTITUTION' */ ;
DELIMITER ;;
CREATE DEFINER=`root`@`localhost` PROCEDURE `actualizar_cliente`(in idcli int, in nom varchar(45), in tele varchar(250), in correo varchar(100),
in dire varchar(250), in sexcli int, in fecha_naci date)
BEGIN
update cliente set nombre= nom, telefono= tele, correo= correo, direccion= dire, sexo_cli= sexcli, fecha_nacimiento= fecha_naci where idcliente= idcli;
END ;;
DELIMITER ;
/*!50003 SET sql_mode              = @saved_sql_mode */ ;
/*!50003 SET character_set_client  = @saved_cs_client */ ;
/*!50003 SET character_set_results = @saved_cs_results */ ;
/*!50003 SET collation_connection  = @saved_col_connection */ ;
/*!50003 DROP PROCEDURE IF EXISTS `actualizar_factura` */;
/*!50003 SET @saved_cs_client      = @@character_set_client */ ;
/*!50003 SET @saved_cs_results     = @@character_set_results */ ;
/*!50003 SET @saved_col_connection = @@collation_connection */ ;
/*!50003 SET character_set_client  = utf8mb4 */ ;
/*!50003 SET character_set_results = utf8mb4 */ ;
/*!50003 SET collation_connection  = utf8mb4_0900_ai_ci */ ;
/*!50003 SET @saved_sql_mode       = @@sql_mode */ ;
/*!50003 SET sql_mode              = 'ONLY_FULL_GROUP_BY,STRICT_TRANS_TABLES,NO_ZERO_IN_DATE,NO_ZERO_DATE,ERROR_FOR_DIVISION_BY_ZERO,NO_ENGINE_SUBSTITUTION' */ ;
DELIMITER ;;
CREATE DEFINER=`root`@`localhost` PROCEDURE `actualizar_factura`(in idfactu int, in cli int, in usuar int, in tipopag varchar(100))
BEGIN
update factura set cliente= cli, usuario= usuar, tipo_pago= tipopag where idfactura= idfactu;
END ;;
DELIMITER ;
/*!50003 SET sql_mode              = @saved_sql_mode */ ;
/*!50003 SET character_set_client  = @saved_cs_client */ ;
/*!50003 SET character_set_results = @saved_cs_results */ ;
/*!50003 SET collation_connection  = @saved_col_connection */ ;
/*!50003 DROP PROCEDURE IF EXISTS `actualizar_facturacompra` */;
/*!50003 SET @saved_cs_client      = @@character_set_client */ ;
/*!50003 SET @saved_cs_results     = @@character_set_results */ ;
/*!50003 SET @saved_col_connection = @@collation_connection */ ;
/*!50003 SET character_set_client  = utf8mb4 */ ;
/*!50003 SET character_set_results = utf8mb4 */ ;
/*!50003 SET collation_connection  = utf8mb4_0900_ai_ci */ ;
/*!50003 SET @saved_sql_mode       = @@sql_mode */ ;
/*!50003 SET sql_mode              = 'ONLY_FULL_GROUP_BY,STRICT_TRANS_TABLES,NO_ZERO_IN_DATE,NO_ZERO_DATE,ERROR_FOR_DIVISION_BY_ZERO,NO_ENGINE_SUBSTITUTION' */ ;
DELIMITER ;;
CREATE DEFINER=`root`@`localhost` PROCEDURE `actualizar_facturacompra`(in idfactucomp int, in idprovee int, in idusuar int, in tipo_pag varchar(100))
BEGIN
update factura_compra set id_proveedor= idprovee, id_usuario= idusuar, tipo_pago= tipo_pag where idfactura_compra= idfactucomp;
END ;;
DELIMITER ;
/*!50003 SET sql_mode              = @saved_sql_mode */ ;
/*!50003 SET character_set_client  = @saved_cs_client */ ;
/*!50003 SET character_set_results = @saved_cs_results */ ;
/*!50003 SET collation_connection  = @saved_col_connection */ ;
/*!50003 DROP PROCEDURE IF EXISTS `actualizar_producto` */;
/*!50003 SET @saved_cs_client      = @@character_set_client */ ;
/*!50003 SET @saved_cs_results     = @@character_set_results */ ;
/*!50003 SET @saved_col_connection = @@collation_connection */ ;
/*!50003 SET character_set_client  = utf8mb4 */ ;
/*!50003 SET character_set_results = utf8mb4 */ ;
/*!50003 SET collation_connection  = utf8mb4_0900_ai_ci */ ;
/*!50003 SET @saved_sql_mode       = @@sql_mode */ ;
/*!50003 SET sql_mode              = 'ONLY_FULL_GROUP_BY,STRICT_TRANS_TABLES,NO_ZERO_IN_DATE,NO_ZERO_DATE,ERROR_FOR_DIVISION_BY_ZERO,NO_ENGINE_SUBSTITUTION' */ ;
DELIMITER ;;
CREATE DEFINER=`root`@`localhost` PROCEDURE `actualizar_producto`(in idproduc int, in nom varchar(45), in descrip varchar(250), in img LONGBLOB, in ru varchar(450))
BEGIN
update producto set nombre= nom, descripcion= descrip, imagen= img, ruta= ru where idproducto= idproduc;
END ;;
DELIMITER ;
/*!50003 SET sql_mode              = @saved_sql_mode */ ;
/*!50003 SET character_set_client  = @saved_cs_client */ ;
/*!50003 SET character_set_results = @saved_cs_results */ ;
/*!50003 SET collation_connection  = @saved_col_connection */ ;
/*!50003 DROP PROCEDURE IF EXISTS `actualizar_proveedor` */;
/*!50003 SET @saved_cs_client      = @@character_set_client */ ;
/*!50003 SET @saved_cs_results     = @@character_set_results */ ;
/*!50003 SET @saved_col_connection = @@collation_connection */ ;
/*!50003 SET character_set_client  = utf8mb4 */ ;
/*!50003 SET character_set_results = utf8mb4 */ ;
/*!50003 SET collation_connection  = utf8mb4_0900_ai_ci */ ;
/*!50003 SET @saved_sql_mode       = @@sql_mode */ ;
/*!50003 SET sql_mode              = 'ONLY_FULL_GROUP_BY,STRICT_TRANS_TABLES,NO_ZERO_IN_DATE,NO_ZERO_DATE,ERROR_FOR_DIVISION_BY_ZERO,NO_ENGINE_SUBSTITUTION' */ ;
DELIMITER ;;
CREATE DEFINER=`root`@`localhost` PROCEDURE `actualizar_proveedor`(in idprovee int, in nom varchar(45), in tele varchar(13), in correo varchar(100), 
in dire varchar(250), in tipo_per varchar(100), in sex_pro int, in fecha_nacimi date)
BEGIN
update proveedor set nombre_pro= nom, telefono_pro= tele, correo= correo, direccion_pro= dire, tipo_persona= tipo_per, sexo_pro= sex_pro, fecha_nacimiento= fecha_nacimi where idproveedor= idprovee;
END ;;
DELIMITER ;
/*!50003 SET sql_mode              = @saved_sql_mode */ ;
/*!50003 SET character_set_client  = @saved_cs_client */ ;
/*!50003 SET character_set_results = @saved_cs_results */ ;
/*!50003 SET collation_connection  = @saved_col_connection */ ;
/*!50003 DROP PROCEDURE IF EXISTS `actualizar_usuario` */;
/*!50003 SET @saved_cs_client      = @@character_set_client */ ;
/*!50003 SET @saved_cs_results     = @@character_set_results */ ;
/*!50003 SET @saved_col_connection = @@collation_connection */ ;
/*!50003 SET character_set_client  = utf8mb4 */ ;
/*!50003 SET character_set_results = utf8mb4 */ ;
/*!50003 SET collation_connection  = utf8mb4_0900_ai_ci */ ;
/*!50003 SET @saved_sql_mode       = @@sql_mode */ ;
/*!50003 SET sql_mode              = 'ONLY_FULL_GROUP_BY,STRICT_TRANS_TABLES,NO_ZERO_IN_DATE,NO_ZERO_DATE,ERROR_FOR_DIVISION_BY_ZERO,NO_ENGINE_SUBSTITUTION' */ ;
DELIMITER ;;
CREATE DEFINER=`root`@`localhost` PROCEDURE `actualizar_usuario`(in idusua int, in nom varchar(45), in rang int, in tele VARCHAR(13), in correo varchar(100),
in sex int, in dire varchar(250), in fecha_nacimien date, in contra varchar(45))
BEGIN
update usuario set nombre= nom, rango= rang, telefono= tele, correo= correo, sexo= sex, direccion= dire, fecha_nacimiento= fecha_nacimien, contrasena= contra where idusuario= idusua;
END ;;
DELIMITER ;
/*!50003 SET sql_mode              = @saved_sql_mode */ ;
/*!50003 SET character_set_client  = @saved_cs_client */ ;
/*!50003 SET character_set_results = @saved_cs_results */ ;
/*!50003 SET collation_connection  = @saved_col_connection */ ;
/*!50003 DROP PROCEDURE IF EXISTS `buscar_cliente` */;
/*!50003 SET @saved_cs_client      = @@character_set_client */ ;
/*!50003 SET @saved_cs_results     = @@character_set_results */ ;
/*!50003 SET @saved_col_connection = @@collation_connection */ ;
/*!50003 SET character_set_client  = utf8mb4 */ ;
/*!50003 SET character_set_results = utf8mb4 */ ;
/*!50003 SET collation_connection  = utf8mb4_0900_ai_ci */ ;
/*!50003 SET @saved_sql_mode       = @@sql_mode */ ;
/*!50003 SET sql_mode              = 'ONLY_FULL_GROUP_BY,STRICT_TRANS_TABLES,NO_ZERO_IN_DATE,NO_ZERO_DATE,ERROR_FOR_DIVISION_BY_ZERO,NO_ENGINE_SUBSTITUTION' */ ;
DELIMITER ;;
CREATE DEFINER=`root`@`localhost` PROCEDURE `buscar_cliente`(in valor int)
BEGIN
select * from cliente where idcliente = valor;
END ;;
DELIMITER ;
/*!50003 SET sql_mode              = @saved_sql_mode */ ;
/*!50003 SET character_set_client  = @saved_cs_client */ ;
/*!50003 SET character_set_results = @saved_cs_results */ ;
/*!50003 SET collation_connection  = @saved_col_connection */ ;
/*!50003 DROP PROCEDURE IF EXISTS `buscar_factura` */;
/*!50003 SET @saved_cs_client      = @@character_set_client */ ;
/*!50003 SET @saved_cs_results     = @@character_set_results */ ;
/*!50003 SET @saved_col_connection = @@collation_connection */ ;
/*!50003 SET character_set_client  = utf8mb4 */ ;
/*!50003 SET character_set_results = utf8mb4 */ ;
/*!50003 SET collation_connection  = utf8mb4_0900_ai_ci */ ;
/*!50003 SET @saved_sql_mode       = @@sql_mode */ ;
/*!50003 SET sql_mode              = 'ONLY_FULL_GROUP_BY,STRICT_TRANS_TABLES,NO_ZERO_IN_DATE,NO_ZERO_DATE,ERROR_FOR_DIVISION_BY_ZERO,NO_ENGINE_SUBSTITUTION' */ ;
DELIMITER ;;
CREATE DEFINER=`root`@`localhost` PROCEDURE `buscar_factura`(in valor int)
BEGIN
select * from factura where idfactura = valor;
END ;;
DELIMITER ;
/*!50003 SET sql_mode              = @saved_sql_mode */ ;
/*!50003 SET character_set_client  = @saved_cs_client */ ;
/*!50003 SET character_set_results = @saved_cs_results */ ;
/*!50003 SET collation_connection  = @saved_col_connection */ ;
/*!50003 DROP PROCEDURE IF EXISTS `buscar_facturacompra` */;
/*!50003 SET @saved_cs_client      = @@character_set_client */ ;
/*!50003 SET @saved_cs_results     = @@character_set_results */ ;
/*!50003 SET @saved_col_connection = @@collation_connection */ ;
/*!50003 SET character_set_client  = utf8mb4 */ ;
/*!50003 SET character_set_results = utf8mb4 */ ;
/*!50003 SET collation_connection  = utf8mb4_0900_ai_ci */ ;
/*!50003 SET @saved_sql_mode       = @@sql_mode */ ;
/*!50003 SET sql_mode              = 'ONLY_FULL_GROUP_BY,STRICT_TRANS_TABLES,NO_ZERO_IN_DATE,NO_ZERO_DATE,ERROR_FOR_DIVISION_BY_ZERO,NO_ENGINE_SUBSTITUTION' */ ;
DELIMITER ;;
CREATE DEFINER=`root`@`localhost` PROCEDURE `buscar_facturacompra`(in valor int)
BEGIN
select * from factura_compra where idfactura_compra = valor;
END ;;
DELIMITER ;
/*!50003 SET sql_mode              = @saved_sql_mode */ ;
/*!50003 SET character_set_client  = @saved_cs_client */ ;
/*!50003 SET character_set_results = @saved_cs_results */ ;
/*!50003 SET collation_connection  = @saved_col_connection */ ;
/*!50003 DROP PROCEDURE IF EXISTS `buscar_producto` */;
/*!50003 SET @saved_cs_client      = @@character_set_client */ ;
/*!50003 SET @saved_cs_results     = @@character_set_results */ ;
/*!50003 SET @saved_col_connection = @@collation_connection */ ;
/*!50003 SET character_set_client  = utf8mb4 */ ;
/*!50003 SET character_set_results = utf8mb4 */ ;
/*!50003 SET collation_connection  = utf8mb4_0900_ai_ci */ ;
/*!50003 SET @saved_sql_mode       = @@sql_mode */ ;
/*!50003 SET sql_mode              = 'ONLY_FULL_GROUP_BY,STRICT_TRANS_TABLES,NO_ZERO_IN_DATE,NO_ZERO_DATE,ERROR_FOR_DIVISION_BY_ZERO,NO_ENGINE_SUBSTITUTION' */ ;
DELIMITER ;;
CREATE DEFINER=`root`@`localhost` PROCEDURE `buscar_producto`(in valor int)
BEGIN
select * from producto where idproducto = valor;
END ;;
DELIMITER ;
/*!50003 SET sql_mode              = @saved_sql_mode */ ;
/*!50003 SET character_set_client  = @saved_cs_client */ ;
/*!50003 SET character_set_results = @saved_cs_results */ ;
/*!50003 SET collation_connection  = @saved_col_connection */ ;
/*!50003 DROP PROCEDURE IF EXISTS `buscar_proveedor` */;
/*!50003 SET @saved_cs_client      = @@character_set_client */ ;
/*!50003 SET @saved_cs_results     = @@character_set_results */ ;
/*!50003 SET @saved_col_connection = @@collation_connection */ ;
/*!50003 SET character_set_client  = utf8mb4 */ ;
/*!50003 SET character_set_results = utf8mb4 */ ;
/*!50003 SET collation_connection  = utf8mb4_0900_ai_ci */ ;
/*!50003 SET @saved_sql_mode       = @@sql_mode */ ;
/*!50003 SET sql_mode              = 'ONLY_FULL_GROUP_BY,STRICT_TRANS_TABLES,NO_ZERO_IN_DATE,NO_ZERO_DATE,ERROR_FOR_DIVISION_BY_ZERO,NO_ENGINE_SUBSTITUTION' */ ;
DELIMITER ;;
CREATE DEFINER=`root`@`localhost` PROCEDURE `buscar_proveedor`(in valor int)
BEGIN
select * from proveedor where idproveedor = valor;
END ;;
DELIMITER ;
/*!50003 SET sql_mode              = @saved_sql_mode */ ;
/*!50003 SET character_set_client  = @saved_cs_client */ ;
/*!50003 SET character_set_results = @saved_cs_results */ ;
/*!50003 SET collation_connection  = @saved_col_connection */ ;
/*!50003 DROP PROCEDURE IF EXISTS `buscar_usuario` */;
/*!50003 SET @saved_cs_client      = @@character_set_client */ ;
/*!50003 SET @saved_cs_results     = @@character_set_results */ ;
/*!50003 SET @saved_col_connection = @@collation_connection */ ;
/*!50003 SET character_set_client  = utf8mb4 */ ;
/*!50003 SET character_set_results = utf8mb4 */ ;
/*!50003 SET collation_connection  = utf8mb4_0900_ai_ci */ ;
/*!50003 SET @saved_sql_mode       = @@sql_mode */ ;
/*!50003 SET sql_mode              = 'ONLY_FULL_GROUP_BY,STRICT_TRANS_TABLES,NO_ZERO_IN_DATE,NO_ZERO_DATE,ERROR_FOR_DIVISION_BY_ZERO,NO_ENGINE_SUBSTITUTION' */ ;
DELIMITER ;;
CREATE DEFINER=`root`@`localhost` PROCEDURE `buscar_usuario`(in valor int)
BEGIN
select * from usuario where idusuario = valor;
END ;;
DELIMITER ;
/*!50003 SET sql_mode              = @saved_sql_mode */ ;
/*!50003 SET character_set_client  = @saved_cs_client */ ;
/*!50003 SET character_set_results = @saved_cs_results */ ;
/*!50003 SET collation_connection  = @saved_col_connection */ ;
/*!50003 DROP PROCEDURE IF EXISTS `consultar_cliente` */;
/*!50003 SET @saved_cs_client      = @@character_set_client */ ;
/*!50003 SET @saved_cs_results     = @@character_set_results */ ;
/*!50003 SET @saved_col_connection = @@collation_connection */ ;
/*!50003 SET character_set_client  = utf8mb4 */ ;
/*!50003 SET character_set_results = utf8mb4 */ ;
/*!50003 SET collation_connection  = utf8mb4_0900_ai_ci */ ;
/*!50003 SET @saved_sql_mode       = @@sql_mode */ ;
/*!50003 SET sql_mode              = 'ONLY_FULL_GROUP_BY,STRICT_TRANS_TABLES,NO_ZERO_IN_DATE,NO_ZERO_DATE,ERROR_FOR_DIVISION_BY_ZERO,NO_ENGINE_SUBSTITUTION' */ ;
DELIMITER ;;
CREATE DEFINER=`root`@`localhost` PROCEDURE `consultar_cliente`(in valor varchar(45))
BEGIN
select * from mostrar_cliente where idcliente like concat('%',valor,'%') || tipo_doc like concat('%',valor,'%') || nombre like concat('%',valor,'%') || telefono like concat('%',valor,'%') || correo like concat('%',valor,'%') || direccion like concat('%',valor,'%') || genero like concat('%',valor,'%') || fecha_nacimiento like concat('%',valor,'%');
END ;;
DELIMITER ;
/*!50003 SET sql_mode              = @saved_sql_mode */ ;
/*!50003 SET character_set_client  = @saved_cs_client */ ;
/*!50003 SET character_set_results = @saved_cs_results */ ;
/*!50003 SET collation_connection  = @saved_col_connection */ ;
/*!50003 DROP PROCEDURE IF EXISTS `consultar_detalle_factura_compra` */;
/*!50003 SET @saved_cs_client      = @@character_set_client */ ;
/*!50003 SET @saved_cs_results     = @@character_set_results */ ;
/*!50003 SET @saved_col_connection = @@collation_connection */ ;
/*!50003 SET character_set_client  = utf8mb4 */ ;
/*!50003 SET character_set_results = utf8mb4 */ ;
/*!50003 SET collation_connection  = utf8mb4_0900_ai_ci */ ;
/*!50003 SET @saved_sql_mode       = @@sql_mode */ ;
/*!50003 SET sql_mode              = 'ONLY_FULL_GROUP_BY,STRICT_TRANS_TABLES,NO_ZERO_IN_DATE,NO_ZERO_DATE,ERROR_FOR_DIVISION_BY_ZERO,NO_ENGINE_SUBSTITUTION' */ ;
DELIMITER ;;
CREATE DEFINER=`root`@`localhost` PROCEDURE `consultar_detalle_factura_compra`(in valor varchar(45))
BEGIN
select * from mostrar_detalle_factura_compra where N°_Detalle_Factura_Compra like concat('%',valor,'%') || N°_Factura_Compra like concat('%',valor,'%') || Producto like concat('%',valor,'%') || Cantidad like concat('%',valor,'%') || Precio_Unitario like concat('%',valor,'%') || Precio_Total like concat('%',valor,'%');
END ;;
DELIMITER ;
/*!50003 SET sql_mode              = @saved_sql_mode */ ;
/*!50003 SET character_set_client  = @saved_cs_client */ ;
/*!50003 SET character_set_results = @saved_cs_results */ ;
/*!50003 SET collation_connection  = @saved_col_connection */ ;
/*!50003 DROP PROCEDURE IF EXISTS `consultar_factura` */;
/*!50003 SET @saved_cs_client      = @@character_set_client */ ;
/*!50003 SET @saved_cs_results     = @@character_set_results */ ;
/*!50003 SET @saved_col_connection = @@collation_connection */ ;
/*!50003 SET character_set_client  = utf8mb4 */ ;
/*!50003 SET character_set_results = utf8mb4 */ ;
/*!50003 SET collation_connection  = utf8mb4_0900_ai_ci */ ;
/*!50003 SET @saved_sql_mode       = @@sql_mode */ ;
/*!50003 SET sql_mode              = 'ONLY_FULL_GROUP_BY,STRICT_TRANS_TABLES,NO_ZERO_IN_DATE,NO_ZERO_DATE,ERROR_FOR_DIVISION_BY_ZERO,NO_ENGINE_SUBSTITUTION' */ ;
DELIMITER ;;
CREATE DEFINER=`root`@`localhost` PROCEDURE `consultar_factura`(in valor varchar(45))
BEGIN
select * from mostrar_factura where N°Factura like concat('%',valor,'%') || Cliente like concat('%',valor,'%') || Empleado like concat('%',valor,'%') || Fecha_Compra like concat('%',valor,'%') || Tipo_Pago like concat('%',valor,'%') ||comprobante like concat('%',valor,'%') || Impuesto like concat('%',valor,'%') || Total_Venta like concat('%',valor,'%');
END ;;
DELIMITER ;
/*!50003 SET sql_mode              = @saved_sql_mode */ ;
/*!50003 SET character_set_client  = @saved_cs_client */ ;
/*!50003 SET character_set_results = @saved_cs_results */ ;
/*!50003 SET collation_connection  = @saved_col_connection */ ;
/*!50003 DROP PROCEDURE IF EXISTS `consultar_facturacompra` */;
/*!50003 SET @saved_cs_client      = @@character_set_client */ ;
/*!50003 SET @saved_cs_results     = @@character_set_results */ ;
/*!50003 SET @saved_col_connection = @@collation_connection */ ;
/*!50003 SET character_set_client  = utf8mb4 */ ;
/*!50003 SET character_set_results = utf8mb4 */ ;
/*!50003 SET collation_connection  = utf8mb4_0900_ai_ci */ ;
/*!50003 SET @saved_sql_mode       = @@sql_mode */ ;
/*!50003 SET sql_mode              = 'ONLY_FULL_GROUP_BY,STRICT_TRANS_TABLES,NO_ZERO_IN_DATE,NO_ZERO_DATE,ERROR_FOR_DIVISION_BY_ZERO,NO_ENGINE_SUBSTITUTION' */ ;
DELIMITER ;;
CREATE DEFINER=`root`@`localhost` PROCEDURE `consultar_facturacompra`(in valor varchar (45))
BEGIN
select * from mostrar_factura_compra where N°Factura like concat('%',valor,'%') || Proveedor like concat('%',valor,'%') || Usuario like concat('%',valor,'%') || Tipo_Pago like concat('%',valor,'%') || Descuento like concat('%',valor,'%')|| Total_Compra like concat('%',valor,'%') || N°_Comprobante like concat('%',valor,'%') || Fecha_Compra like concat('%',valor,'%');
END ;;
DELIMITER ;
/*!50003 SET sql_mode              = @saved_sql_mode */ ;
/*!50003 SET character_set_client  = @saved_cs_client */ ;
/*!50003 SET character_set_results = @saved_cs_results */ ;
/*!50003 SET collation_connection  = @saved_col_connection */ ;
/*!50003 DROP PROCEDURE IF EXISTS `consultar_producto` */;
/*!50003 SET @saved_cs_client      = @@character_set_client */ ;
/*!50003 SET @saved_cs_results     = @@character_set_results */ ;
/*!50003 SET @saved_col_connection = @@collation_connection */ ;
/*!50003 SET character_set_client  = utf8mb4 */ ;
/*!50003 SET character_set_results = utf8mb4 */ ;
/*!50003 SET collation_connection  = utf8mb4_0900_ai_ci */ ;
/*!50003 SET @saved_sql_mode       = @@sql_mode */ ;
/*!50003 SET sql_mode              = 'ONLY_FULL_GROUP_BY,STRICT_TRANS_TABLES,NO_ZERO_IN_DATE,NO_ZERO_DATE,ERROR_FOR_DIVISION_BY_ZERO,NO_ENGINE_SUBSTITUTION' */ ;
DELIMITER ;;
CREATE DEFINER=`root`@`localhost` PROCEDURE `consultar_producto`(in valor varchar(45))
BEGIN
select * from mostrar_producto where idproducto like concat('%',valor,'%') || nombre like concat('%',valor,'%') || descripcion like concat('%',valor,'%') || cantidad like concat('%',valor,'%') || precio like concat('%',valor,'%');
END ;;
DELIMITER ;
/*!50003 SET sql_mode              = @saved_sql_mode */ ;
/*!50003 SET character_set_client  = @saved_cs_client */ ;
/*!50003 SET character_set_results = @saved_cs_results */ ;
/*!50003 SET collation_connection  = @saved_col_connection */ ;
/*!50003 DROP PROCEDURE IF EXISTS `consultar_proveedor` */;
/*!50003 SET @saved_cs_client      = @@character_set_client */ ;
/*!50003 SET @saved_cs_results     = @@character_set_results */ ;
/*!50003 SET @saved_col_connection = @@collation_connection */ ;
/*!50003 SET character_set_client  = utf8mb4 */ ;
/*!50003 SET character_set_results = utf8mb4 */ ;
/*!50003 SET collation_connection  = utf8mb4_0900_ai_ci */ ;
/*!50003 SET @saved_sql_mode       = @@sql_mode */ ;
/*!50003 SET sql_mode              = 'ONLY_FULL_GROUP_BY,STRICT_TRANS_TABLES,NO_ZERO_IN_DATE,NO_ZERO_DATE,ERROR_FOR_DIVISION_BY_ZERO,NO_ENGINE_SUBSTITUTION' */ ;
DELIMITER ;;
CREATE DEFINER=`root`@`localhost` PROCEDURE `consultar_proveedor`(in valor varchar (45))
BEGIN
select * from mostrar_proveedor where idproveedor like concat('%',valor,'%') || tipo_docu_pro like concat('%',valor,'%') || nombre_pro like concat('%',valor,'%') || telefono_pro like concat('%',valor,'%') || correo like concat('%',valor,'%') || direccion_pro like concat('%',valor,'%') || tipo_persona like concat('%',valor,'%') || genero like concat('%',valor,'%') || fecha_nacimiento like concat('%',valor,'%');
END ;;
DELIMITER ;
/*!50003 SET sql_mode              = @saved_sql_mode */ ;
/*!50003 SET character_set_client  = @saved_cs_client */ ;
/*!50003 SET character_set_results = @saved_cs_results */ ;
/*!50003 SET collation_connection  = @saved_col_connection */ ;
/*!50003 DROP PROCEDURE IF EXISTS `consultar_usuario` */;
/*!50003 SET @saved_cs_client      = @@character_set_client */ ;
/*!50003 SET @saved_cs_results     = @@character_set_results */ ;
/*!50003 SET @saved_col_connection = @@collation_connection */ ;
/*!50003 SET character_set_client  = utf8mb4 */ ;
/*!50003 SET character_set_results = utf8mb4 */ ;
/*!50003 SET collation_connection  = utf8mb4_0900_ai_ci */ ;
/*!50003 SET @saved_sql_mode       = @@sql_mode */ ;
/*!50003 SET sql_mode              = 'ONLY_FULL_GROUP_BY,STRICT_TRANS_TABLES,NO_ZERO_IN_DATE,NO_ZERO_DATE,ERROR_FOR_DIVISION_BY_ZERO,NO_ENGINE_SUBSTITUTION' */ ;
DELIMITER ;;
CREATE DEFINER=`root`@`localhost` PROCEDURE `consultar_usuario`(in valor varchar(45))
BEGIN
select * from mostrar_usuario where idusuario like concat('%',valor,'%') || tipo_docusu like concat('%',valor,'%') || nombre like concat('%',valor,'%') || rango like concat('%',valor,'%') || telefono like concat('%',valor,'%') || correo like concat('%',valor,'%') || genero like concat('%',valor,'%') || direccion like concat('%',valor,'%') || fecha_nacimiento like concat('%',valor,'%');
END ;;
DELIMITER ;
/*!50003 SET sql_mode              = @saved_sql_mode */ ;
/*!50003 SET character_set_client  = @saved_cs_client */ ;
/*!50003 SET character_set_results = @saved_cs_results */ ;
/*!50003 SET collation_connection  = @saved_col_connection */ ;
/*!50003 DROP PROCEDURE IF EXISTS `detalle_factura_compra_mostrar` */;
/*!50003 SET @saved_cs_client      = @@character_set_client */ ;
/*!50003 SET @saved_cs_results     = @@character_set_results */ ;
/*!50003 SET @saved_col_connection = @@collation_connection */ ;
/*!50003 SET character_set_client  = utf8mb4 */ ;
/*!50003 SET character_set_results = utf8mb4 */ ;
/*!50003 SET collation_connection  = utf8mb4_0900_ai_ci */ ;
/*!50003 SET @saved_sql_mode       = @@sql_mode */ ;
/*!50003 SET sql_mode              = 'ONLY_FULL_GROUP_BY,STRICT_TRANS_TABLES,NO_ZERO_IN_DATE,NO_ZERO_DATE,ERROR_FOR_DIVISION_BY_ZERO,NO_ENGINE_SUBSTITUTION' */ ;
DELIMITER ;;
CREATE DEFINER=`root`@`localhost` PROCEDURE `detalle_factura_compra_mostrar`(in valor int)
BEGIN
select f.idfactura_compra 'Factura', o.nombre_pro 'Proveedor', u.nombre 'Usuario', f.tipo_pago 'Tipo Pago', f.comprobante 'N° Comprobante', f.descuento 'Descuento', f.total_compra 'Total Compra', f.fecha_compra 'Fecha', p.idproducto 'Código', p.nombre 'Producto', p.descripcion 'Descripción', d.cantidad_comprada 'Cantidad', d.precio_unitario_compra 'Precio Unitario', d.precio_total_compra'Total' from factura_compra f inner join detalle_factura_compra d on d.id_factcompra=f.idfactura_compra inner join producto p on d.id_producto = p.idproducto inner join usuario u on f.id_usuario = u.idusuario inner join proveedor o on f.id_proveedor = o.idproveedor where f.idfactura_compra = valor; 
END ;;
DELIMITER ;
/*!50003 SET sql_mode              = @saved_sql_mode */ ;
/*!50003 SET character_set_client  = @saved_cs_client */ ;
/*!50003 SET character_set_results = @saved_cs_results */ ;
/*!50003 SET collation_connection  = @saved_col_connection */ ;
/*!50003 DROP PROCEDURE IF EXISTS `detalle_factura_mostrar` */;
/*!50003 SET @saved_cs_client      = @@character_set_client */ ;
/*!50003 SET @saved_cs_results     = @@character_set_results */ ;
/*!50003 SET @saved_col_connection = @@collation_connection */ ;
/*!50003 SET character_set_client  = utf8mb4 */ ;
/*!50003 SET character_set_results = utf8mb4 */ ;
/*!50003 SET collation_connection  = utf8mb4_0900_ai_ci */ ;
/*!50003 SET @saved_sql_mode       = @@sql_mode */ ;
/*!50003 SET sql_mode              = 'ONLY_FULL_GROUP_BY,STRICT_TRANS_TABLES,NO_ZERO_IN_DATE,NO_ZERO_DATE,ERROR_FOR_DIVISION_BY_ZERO,NO_ENGINE_SUBSTITUTION' */ ;
DELIMITER ;;
CREATE DEFINER=`root`@`localhost` PROCEDURE `detalle_factura_mostrar`(in valor int )
BEGIN
select f.idfactura 'Factura', c.nombre 'Cliente', u.nombre 'Usuario', f.tipo_pago 'Tipo Pago', f.comprobante 'N° Comprobante', f.impuesto 'Impuesto', f.total_factura 'Total Venta', f.fecha 'Fecha', p.idproducto 'Código', p.nombre 'Producto', p.descripcion 'Descripción', d.cantidad 'Cantidad', d.descuento 'Descuento', d.total_venta 'Total' from factura f inner join detalle_factura d on d.iddetalle_factura = f.idfactura inner join producto p on d.producto = p.idproducto inner join usuario u on f.usuario = u.idusuario inner join cliente c on f.cliente = c.idcliente where f.idfactura = valor; 
END ;;
DELIMITER ;
/*!50003 SET sql_mode              = @saved_sql_mode */ ;
/*!50003 SET character_set_client  = @saved_cs_client */ ;
/*!50003 SET character_set_results = @saved_cs_results */ ;
/*!50003 SET collation_connection  = @saved_col_connection */ ;
/*!50003 DROP PROCEDURE IF EXISTS `eliminar_cliente` */;
/*!50003 SET @saved_cs_client      = @@character_set_client */ ;
/*!50003 SET @saved_cs_results     = @@character_set_results */ ;
/*!50003 SET @saved_col_connection = @@collation_connection */ ;
/*!50003 SET character_set_client  = utf8mb4 */ ;
/*!50003 SET character_set_results = utf8mb4 */ ;
/*!50003 SET collation_connection  = utf8mb4_0900_ai_ci */ ;
/*!50003 SET @saved_sql_mode       = @@sql_mode */ ;
/*!50003 SET sql_mode              = 'ONLY_FULL_GROUP_BY,STRICT_TRANS_TABLES,NO_ZERO_IN_DATE,NO_ZERO_DATE,ERROR_FOR_DIVISION_BY_ZERO,NO_ENGINE_SUBSTITUTION' */ ;
DELIMITER ;;
CREATE DEFINER=`root`@`localhost` PROCEDURE `eliminar_cliente`(in idclien int)
BEGIN
update cliente set condicion= '0' where idcliente= idclien;
END ;;
DELIMITER ;
/*!50003 SET sql_mode              = @saved_sql_mode */ ;
/*!50003 SET character_set_client  = @saved_cs_client */ ;
/*!50003 SET character_set_results = @saved_cs_results */ ;
/*!50003 SET collation_connection  = @saved_col_connection */ ;
/*!50003 DROP PROCEDURE IF EXISTS `eliminar_producto` */;
/*!50003 SET @saved_cs_client      = @@character_set_client */ ;
/*!50003 SET @saved_cs_results     = @@character_set_results */ ;
/*!50003 SET @saved_col_connection = @@collation_connection */ ;
/*!50003 SET character_set_client  = utf8mb4 */ ;
/*!50003 SET character_set_results = utf8mb4 */ ;
/*!50003 SET collation_connection  = utf8mb4_0900_ai_ci */ ;
/*!50003 SET @saved_sql_mode       = @@sql_mode */ ;
/*!50003 SET sql_mode              = 'ONLY_FULL_GROUP_BY,STRICT_TRANS_TABLES,NO_ZERO_IN_DATE,NO_ZERO_DATE,ERROR_FOR_DIVISION_BY_ZERO,NO_ENGINE_SUBSTITUTION' */ ;
DELIMITER ;;
CREATE DEFINER=`root`@`localhost` PROCEDURE `eliminar_producto`(in idproduc int)
BEGIN
update producto set condicion= '0' where idproducto= idproduc;
END ;;
DELIMITER ;
/*!50003 SET sql_mode              = @saved_sql_mode */ ;
/*!50003 SET character_set_client  = @saved_cs_client */ ;
/*!50003 SET character_set_results = @saved_cs_results */ ;
/*!50003 SET collation_connection  = @saved_col_connection */ ;
/*!50003 DROP PROCEDURE IF EXISTS `eliminar_proveedor` */;
/*!50003 SET @saved_cs_client      = @@character_set_client */ ;
/*!50003 SET @saved_cs_results     = @@character_set_results */ ;
/*!50003 SET @saved_col_connection = @@collation_connection */ ;
/*!50003 SET character_set_client  = utf8mb4 */ ;
/*!50003 SET character_set_results = utf8mb4 */ ;
/*!50003 SET collation_connection  = utf8mb4_0900_ai_ci */ ;
/*!50003 SET @saved_sql_mode       = @@sql_mode */ ;
/*!50003 SET sql_mode              = 'ONLY_FULL_GROUP_BY,STRICT_TRANS_TABLES,NO_ZERO_IN_DATE,NO_ZERO_DATE,ERROR_FOR_DIVISION_BY_ZERO,NO_ENGINE_SUBSTITUTION' */ ;
DELIMITER ;;
CREATE DEFINER=`root`@`localhost` PROCEDURE `eliminar_proveedor`(in idprovee int)
BEGIN
update proveedor set condicion_pro= '0' where idproveedor= idprovee;
END ;;
DELIMITER ;
/*!50003 SET sql_mode              = @saved_sql_mode */ ;
/*!50003 SET character_set_client  = @saved_cs_client */ ;
/*!50003 SET character_set_results = @saved_cs_results */ ;
/*!50003 SET collation_connection  = @saved_col_connection */ ;
/*!50003 DROP PROCEDURE IF EXISTS `eliminar_usuario` */;
/*!50003 SET @saved_cs_client      = @@character_set_client */ ;
/*!50003 SET @saved_cs_results     = @@character_set_results */ ;
/*!50003 SET @saved_col_connection = @@collation_connection */ ;
/*!50003 SET character_set_client  = utf8mb4 */ ;
/*!50003 SET character_set_results = utf8mb4 */ ;
/*!50003 SET collation_connection  = utf8mb4_0900_ai_ci */ ;
/*!50003 SET @saved_sql_mode       = @@sql_mode */ ;
/*!50003 SET sql_mode              = 'ONLY_FULL_GROUP_BY,STRICT_TRANS_TABLES,NO_ZERO_IN_DATE,NO_ZERO_DATE,ERROR_FOR_DIVISION_BY_ZERO,NO_ENGINE_SUBSTITUTION' */ ;
DELIMITER ;;
CREATE DEFINER=`root`@`localhost` PROCEDURE `eliminar_usuario`(in idusu int)
BEGIN
update usuario set condicion= '0' where idusuario= idusu ;
END ;;
DELIMITER ;
/*!50003 SET sql_mode              = @saved_sql_mode */ ;
/*!50003 SET character_set_client  = @saved_cs_client */ ;
/*!50003 SET character_set_results = @saved_cs_results */ ;
/*!50003 SET collation_connection  = @saved_col_connection */ ;
/*!50003 DROP PROCEDURE IF EXISTS `ingreso` */;
/*!50003 SET @saved_cs_client      = @@character_set_client */ ;
/*!50003 SET @saved_cs_results     = @@character_set_results */ ;
/*!50003 SET @saved_col_connection = @@collation_connection */ ;
/*!50003 SET character_set_client  = utf8mb4 */ ;
/*!50003 SET character_set_results = utf8mb4 */ ;
/*!50003 SET collation_connection  = utf8mb4_0900_ai_ci */ ;
/*!50003 SET @saved_sql_mode       = @@sql_mode */ ;
/*!50003 SET sql_mode              = 'ONLY_FULL_GROUP_BY,STRICT_TRANS_TABLES,NO_ZERO_IN_DATE,NO_ZERO_DATE,ERROR_FOR_DIVISION_BY_ZERO,NO_ENGINE_SUBSTITUTION' */ ;
DELIMITER ;;
CREATE DEFINER=`root`@`localhost` PROCEDURE `ingreso`(in usua varchar(100), in contra varchar(45) )
BEGIN
select login, contrasena from usuario where login=usua && contrasena=contra && condicion = '1' ;
END ;;
DELIMITER ;
/*!50003 SET sql_mode              = @saved_sql_mode */ ;
/*!50003 SET character_set_client  = @saved_cs_client */ ;
/*!50003 SET character_set_results = @saved_cs_results */ ;
/*!50003 SET collation_connection  = @saved_col_connection */ ;
/*!50003 DROP PROCEDURE IF EXISTS `inst_cliente` */;
/*!50003 SET @saved_cs_client      = @@character_set_client */ ;
/*!50003 SET @saved_cs_results     = @@character_set_results */ ;
/*!50003 SET @saved_col_connection = @@collation_connection */ ;
/*!50003 SET character_set_client  = utf8mb4 */ ;
/*!50003 SET character_set_results = utf8mb4 */ ;
/*!50003 SET collation_connection  = utf8mb4_0900_ai_ci */ ;
/*!50003 SET @saved_sql_mode       = @@sql_mode */ ;
/*!50003 SET sql_mode              = 'ONLY_FULL_GROUP_BY,STRICT_TRANS_TABLES,NO_ZERO_IN_DATE,NO_ZERO_DATE,ERROR_FOR_DIVISION_BY_ZERO,NO_ENGINE_SUBSTITUTION' */ ;
DELIMITER ;;
CREATE DEFINER=`root`@`localhost` PROCEDURE `inst_cliente`(in idcliente int, in tipo_doc varchar(60), in nom varchar(45), in tele varchar(250), in correo varchar(100),
in dire varchar(250), in sexocli int, in fecha_naci date)
BEGIN
insert into cliente values (idcliente, tipo_doc, nom, tele, correo, dire, sexocli, fecha_naci, '1');
END ;;
DELIMITER ;
/*!50003 SET sql_mode              = @saved_sql_mode */ ;
/*!50003 SET character_set_client  = @saved_cs_client */ ;
/*!50003 SET character_set_results = @saved_cs_results */ ;
/*!50003 SET collation_connection  = @saved_col_connection */ ;
/*!50003 DROP PROCEDURE IF EXISTS `inst_detalle_factura` */;
/*!50003 SET @saved_cs_client      = @@character_set_client */ ;
/*!50003 SET @saved_cs_results     = @@character_set_results */ ;
/*!50003 SET @saved_col_connection = @@collation_connection */ ;
/*!50003 SET character_set_client  = utf8mb4 */ ;
/*!50003 SET character_set_results = utf8mb4 */ ;
/*!50003 SET collation_connection  = utf8mb4_0900_ai_ci */ ;
/*!50003 SET @saved_sql_mode       = @@sql_mode */ ;
/*!50003 SET sql_mode              = 'ONLY_FULL_GROUP_BY,STRICT_TRANS_TABLES,NO_ZERO_IN_DATE,NO_ZERO_DATE,ERROR_FOR_DIVISION_BY_ZERO,NO_ENGINE_SUBSTITUTION' */ ;
DELIMITER ;;
CREATE DEFINER=`root`@`localhost` PROCEDURE `inst_detalle_factura`(in id_produc int, in id_fact int, in cant int, in descu float)
BEGIN
insert into detalle_factura (producto, factura, cantidad, descuento,total_venta) values (id_produc, id_fact, cant, descu, '0');
END ;;
DELIMITER ;
/*!50003 SET sql_mode              = @saved_sql_mode */ ;
/*!50003 SET character_set_client  = @saved_cs_client */ ;
/*!50003 SET character_set_results = @saved_cs_results */ ;
/*!50003 SET collation_connection  = @saved_col_connection */ ;
/*!50003 DROP PROCEDURE IF EXISTS `inst_detalle_factura_compra` */;
/*!50003 SET @saved_cs_client      = @@character_set_client */ ;
/*!50003 SET @saved_cs_results     = @@character_set_results */ ;
/*!50003 SET @saved_col_connection = @@collation_connection */ ;
/*!50003 SET character_set_client  = utf8mb4 */ ;
/*!50003 SET character_set_results = utf8mb4 */ ;
/*!50003 SET collation_connection  = utf8mb4_0900_ai_ci */ ;
/*!50003 SET @saved_sql_mode       = @@sql_mode */ ;
/*!50003 SET sql_mode              = 'ONLY_FULL_GROUP_BY,STRICT_TRANS_TABLES,NO_ZERO_IN_DATE,NO_ZERO_DATE,ERROR_FOR_DIVISION_BY_ZERO,NO_ENGINE_SUBSTITUTION' */ ;
DELIMITER ;;
CREATE DEFINER=`root`@`localhost` PROCEDURE `inst_detalle_factura_compra`(in id_factcomp int, in id_produ int, in cant_compra int, in pre_unita_compr float)
BEGIN
insert into detalle_factura_compra (id_factcompra, id_producto, cantidad_comprada, precio_unitario_compra, precio_total_compra) values (id_factcomp, id_produ, cant_compra, pre_unita_compr, '0');
END ;;
DELIMITER ;
/*!50003 SET sql_mode              = @saved_sql_mode */ ;
/*!50003 SET character_set_client  = @saved_cs_client */ ;
/*!50003 SET character_set_results = @saved_cs_results */ ;
/*!50003 SET collation_connection  = @saved_col_connection */ ;
/*!50003 DROP PROCEDURE IF EXISTS `inst_factura` */;
/*!50003 SET @saved_cs_client      = @@character_set_client */ ;
/*!50003 SET @saved_cs_results     = @@character_set_results */ ;
/*!50003 SET @saved_col_connection = @@collation_connection */ ;
/*!50003 SET character_set_client  = utf8mb4 */ ;
/*!50003 SET character_set_results = utf8mb4 */ ;
/*!50003 SET collation_connection  = utf8mb4_0900_ai_ci */ ;
/*!50003 SET @saved_sql_mode       = @@sql_mode */ ;
/*!50003 SET sql_mode              = 'ONLY_FULL_GROUP_BY,STRICT_TRANS_TABLES,NO_ZERO_IN_DATE,NO_ZERO_DATE,ERROR_FOR_DIVISION_BY_ZERO,NO_ENGINE_SUBSTITUTION' */ ;
DELIMITER ;;
CREATE DEFINER=`root`@`localhost` PROCEDURE `inst_factura`(in id_cli int, in id_usu int, in comproba int, in tip_pago varchar (100))
BEGIN
insert into factura (cliente, usuario, tipo_pago, fecha, comprobante, impuesto, total_factura) values (id_cli, id_usu, tip_pago, current_date(), comproba, '0.19', '0');
END ;;
DELIMITER ;
/*!50003 SET sql_mode              = @saved_sql_mode */ ;
/*!50003 SET character_set_client  = @saved_cs_client */ ;
/*!50003 SET character_set_results = @saved_cs_results */ ;
/*!50003 SET collation_connection  = @saved_col_connection */ ;
/*!50003 DROP PROCEDURE IF EXISTS `inst_factura_compra` */;
/*!50003 SET @saved_cs_client      = @@character_set_client */ ;
/*!50003 SET @saved_cs_results     = @@character_set_results */ ;
/*!50003 SET @saved_col_connection = @@collation_connection */ ;
/*!50003 SET character_set_client  = utf8mb4 */ ;
/*!50003 SET character_set_results = utf8mb4 */ ;
/*!50003 SET collation_connection  = utf8mb4_0900_ai_ci */ ;
/*!50003 SET @saved_sql_mode       = @@sql_mode */ ;
/*!50003 SET sql_mode              = 'ONLY_FULL_GROUP_BY,STRICT_TRANS_TABLES,NO_ZERO_IN_DATE,NO_ZERO_DATE,ERROR_FOR_DIVISION_BY_ZERO,NO_ENGINE_SUBSTITUTION' */ ;
DELIMITER ;;
CREATE DEFINER=`root`@`localhost` PROCEDURE `inst_factura_compra`(in id_provee int, in id_usua int, in compro int, in tip_pago varchar(100))
BEGIN
insert into factura_compra (id_proveedor, id_usuario, tipo_pago, descuento, total_compra, comprobante, fecha_compra) values (id_provee, id_usua, compro, tip_pago, '0.19', '0', current_date());
END ;;
DELIMITER ;
/*!50003 SET sql_mode              = @saved_sql_mode */ ;
/*!50003 SET character_set_client  = @saved_cs_client */ ;
/*!50003 SET character_set_results = @saved_cs_results */ ;
/*!50003 SET collation_connection  = @saved_col_connection */ ;
/*!50003 DROP PROCEDURE IF EXISTS `inst_producto` */;
/*!50003 SET @saved_cs_client      = @@character_set_client */ ;
/*!50003 SET @saved_cs_results     = @@character_set_results */ ;
/*!50003 SET @saved_col_connection = @@collation_connection */ ;
/*!50003 SET character_set_client  = utf8mb4 */ ;
/*!50003 SET character_set_results = utf8mb4 */ ;
/*!50003 SET collation_connection  = utf8mb4_0900_ai_ci */ ;
/*!50003 SET @saved_sql_mode       = @@sql_mode */ ;
/*!50003 SET sql_mode              = 'ONLY_FULL_GROUP_BY,STRICT_TRANS_TABLES,NO_ZERO_IN_DATE,NO_ZERO_DATE,ERROR_FOR_DIVISION_BY_ZERO,NO_ENGINE_SUBSTITUTION' */ ;
DELIMITER ;;
CREATE DEFINER=`root`@`localhost` PROCEDURE `inst_producto`(in nom varchar(45), in descrip varchar(250), in img LONGBLOB, in ru varchar(450))
BEGIN
insert into producto (nombre, descripcion, cantidad, imagen, ruta, precio, condicion) values (nom, descrip, '0', img, ru, '0', '1');
END ;;
DELIMITER ;
/*!50003 SET sql_mode              = @saved_sql_mode */ ;
/*!50003 SET character_set_client  = @saved_cs_client */ ;
/*!50003 SET character_set_results = @saved_cs_results */ ;
/*!50003 SET collation_connection  = @saved_col_connection */ ;
/*!50003 DROP PROCEDURE IF EXISTS `inst_producto_factura` */;
/*!50003 SET @saved_cs_client      = @@character_set_client */ ;
/*!50003 SET @saved_cs_results     = @@character_set_results */ ;
/*!50003 SET @saved_col_connection = @@collation_connection */ ;
/*!50003 SET character_set_client  = utf8mb4 */ ;
/*!50003 SET character_set_results = utf8mb4 */ ;
/*!50003 SET collation_connection  = utf8mb4_0900_ai_ci */ ;
/*!50003 SET @saved_sql_mode       = @@sql_mode */ ;
/*!50003 SET sql_mode              = 'ONLY_FULL_GROUP_BY,STRICT_TRANS_TABLES,NO_ZERO_IN_DATE,NO_ZERO_DATE,ERROR_FOR_DIVISION_BY_ZERO,NO_ENGINE_SUBSTITUTION' */ ;
DELIMITER ;;
CREATE DEFINER=`root`@`localhost` PROCEDURE `inst_producto_factura`(in id_produc int, in id_fact int, in cant int, in descu float)
BEGIN
insert into producto_factura (producto, factura, cantidad, descuento,total_venta) values (id_produc, id_fact, cant, descu, '0');
END ;;
DELIMITER ;
/*!50003 SET sql_mode              = @saved_sql_mode */ ;
/*!50003 SET character_set_client  = @saved_cs_client */ ;
/*!50003 SET character_set_results = @saved_cs_results */ ;
/*!50003 SET collation_connection  = @saved_col_connection */ ;
/*!50003 DROP PROCEDURE IF EXISTS `inst_proveedor` */;
/*!50003 SET @saved_cs_client      = @@character_set_client */ ;
/*!50003 SET @saved_cs_results     = @@character_set_results */ ;
/*!50003 SET @saved_col_connection = @@collation_connection */ ;
/*!50003 SET character_set_client  = utf8mb4 */ ;
/*!50003 SET character_set_results = utf8mb4 */ ;
/*!50003 SET collation_connection  = utf8mb4_0900_ai_ci */ ;
/*!50003 SET @saved_sql_mode       = @@sql_mode */ ;
/*!50003 SET sql_mode              = 'ONLY_FULL_GROUP_BY,STRICT_TRANS_TABLES,NO_ZERO_IN_DATE,NO_ZERO_DATE,ERROR_FOR_DIVISION_BY_ZERO,NO_ENGINE_SUBSTITUTION' */ ;
DELIMITER ;;
CREATE DEFINER=`root`@`localhost` PROCEDURE `inst_proveedor`(in idproveedor int, in tipo_docu varchar(45), in nom varchar(45), in tele varchar(13), in correo varchar(100), 
in dire varchar(250), in tipo_per varchar(100), in sexo_pro int, in fecha_nacimi date)
BEGIN
insert into proveedor values (idproveedor, tipo_docu, nom, tele, correo, dire, tipo_per, sexo_pro, fecha_nacimi, '1');
END ;;
DELIMITER ;
/*!50003 SET sql_mode              = @saved_sql_mode */ ;
/*!50003 SET character_set_client  = @saved_cs_client */ ;
/*!50003 SET character_set_results = @saved_cs_results */ ;
/*!50003 SET collation_connection  = @saved_col_connection */ ;
/*!50003 DROP PROCEDURE IF EXISTS `inst_usuario` */;
/*!50003 SET @saved_cs_client      = @@character_set_client */ ;
/*!50003 SET @saved_cs_results     = @@character_set_results */ ;
/*!50003 SET @saved_col_connection = @@collation_connection */ ;
/*!50003 SET character_set_client  = utf8mb4 */ ;
/*!50003 SET character_set_results = utf8mb4 */ ;
/*!50003 SET collation_connection  = utf8mb4_0900_ai_ci */ ;
/*!50003 SET @saved_sql_mode       = @@sql_mode */ ;
/*!50003 SET sql_mode              = 'ONLY_FULL_GROUP_BY,STRICT_TRANS_TABLES,NO_ZERO_IN_DATE,NO_ZERO_DATE,ERROR_FOR_DIVISION_BY_ZERO,NO_ENGINE_SUBSTITUTION' */ ;
DELIMITER ;;
CREATE DEFINER=`root`@`localhost` PROCEDURE `inst_usuario`(in idusuario int, in tipo_doc varchar(60), in nom varchar(45), in rang int, in tele VARCHAR(13), in correo varchar(100),
in sex int, in dire varchar(250), in fecha_nacimien date, in log varchar(45), in contra varchar(45))
BEGIN
insert into usuario (idusuario, tipo_docusu, nombre, rango, telefono, correo, sexo, direccion, fecha_nacimiento, login, contrasena, condicion) values (idusuario, tipo_doc, nom, rang, tele, correo, sex, dire,fecha_nacimien, log, contra, '1');
END ;;
DELIMITER ;
/*!50003 SET sql_mode              = @saved_sql_mode */ ;
/*!50003 SET character_set_client  = @saved_cs_client */ ;
/*!50003 SET character_set_results = @saved_cs_results */ ;
/*!50003 SET collation_connection  = @saved_col_connection */ ;

--
-- Final view structure for view `mostrar_cliente`
--

/*!50001 DROP VIEW IF EXISTS `mostrar_cliente`*/;
/*!50001 SET @saved_cs_client          = @@character_set_client */;
/*!50001 SET @saved_cs_results         = @@character_set_results */;
/*!50001 SET @saved_col_connection     = @@collation_connection */;
/*!50001 SET character_set_client      = utf8mb4 */;
/*!50001 SET character_set_results     = utf8mb4 */;
/*!50001 SET collation_connection      = utf8mb4_0900_ai_ci */;
/*!50001 CREATE ALGORITHM=UNDEFINED */
/*!50013 DEFINER=`root`@`localhost` SQL SECURITY DEFINER */
/*!50001 VIEW `mostrar_cliente` AS select `cliente`.`idcliente` AS `idcliente`,`cliente`.`tipo_doc` AS `tipo_doc`,`cliente`.`nombre` AS `nombre`,`cliente`.`telefono` AS `telefono`,`cliente`.`correo` AS `correo`,`cliente`.`direccion` AS `direccion`,`genero`.`nombre` AS `genero`,`cliente`.`fecha_nacimiento` AS `fecha_nacimiento` from (`cliente` join `genero` on((`genero`.`idgenero` = `cliente`.`sexo_cli`))) where (`cliente`.`condicion` = '1') */;
/*!50001 SET character_set_client      = @saved_cs_client */;
/*!50001 SET character_set_results     = @saved_cs_results */;
/*!50001 SET collation_connection      = @saved_col_connection */;

--
-- Final view structure for view `mostrar_detalle_factura_compra`
--

/*!50001 DROP VIEW IF EXISTS `mostrar_detalle_factura_compra`*/;
/*!50001 SET @saved_cs_client          = @@character_set_client */;
/*!50001 SET @saved_cs_results         = @@character_set_results */;
/*!50001 SET @saved_col_connection     = @@collation_connection */;
/*!50001 SET character_set_client      = utf8mb4 */;
/*!50001 SET character_set_results     = utf8mb4 */;
/*!50001 SET collation_connection      = utf8mb4_0900_ai_ci */;
/*!50001 CREATE ALGORITHM=UNDEFINED */
/*!50013 DEFINER=`root`@`localhost` SQL SECURITY DEFINER */
/*!50001 VIEW `mostrar_detalle_factura_compra` AS select `detalle_factura_compra`.`iddetalle_factura_compra` AS `N°_Detalle_Factura_Compra`,`detalle_factura_compra`.`id_factcompra` AS `N°_Factura_Compra`,`producto`.`nombre` AS `Producto`,`detalle_factura_compra`.`cantidad_comprada` AS `Cantidad`,`detalle_factura_compra`.`precio_unitario_compra` AS `Precio_Unitario`,`detalle_factura_compra`.`precio_total_compra` AS `Precio_Total` from (`detalle_factura_compra` join `producto` on((`producto`.`idproducto` = `detalle_factura_compra`.`id_producto`))) */;
/*!50001 SET character_set_client      = @saved_cs_client */;
/*!50001 SET character_set_results     = @saved_cs_results */;
/*!50001 SET collation_connection      = @saved_col_connection */;

--
-- Final view structure for view `mostrar_factura`
--

/*!50001 DROP VIEW IF EXISTS `mostrar_factura`*/;
/*!50001 SET @saved_cs_client          = @@character_set_client */;
/*!50001 SET @saved_cs_results         = @@character_set_results */;
/*!50001 SET @saved_col_connection     = @@collation_connection */;
/*!50001 SET character_set_client      = utf8mb4 */;
/*!50001 SET character_set_results     = utf8mb4 */;
/*!50001 SET collation_connection      = utf8mb4_0900_ai_ci */;
/*!50001 CREATE ALGORITHM=UNDEFINED */
/*!50013 DEFINER=`root`@`localhost` SQL SECURITY DEFINER */
/*!50001 VIEW `mostrar_factura` AS select `factura`.`idfactura` AS `N°Factura`,`cliente`.`nombre` AS `Cliente`,`usuario`.`nombre` AS `Empleado`,`factura`.`fecha` AS `Fecha_Compra`,`factura`.`tipo_pago` AS `Tipo_Pago`,`factura`.`comprobante` AS `comprobante`,`factura`.`impuesto` AS `Impuesto`,`factura`.`total_factura` AS `Total_Venta` from ((`factura` join `cliente` on((`cliente`.`idcliente` = `factura`.`cliente`))) join `usuario` on((`usuario`.`idusuario` = `factura`.`usuario`))) */;
/*!50001 SET character_set_client      = @saved_cs_client */;
/*!50001 SET character_set_results     = @saved_cs_results */;
/*!50001 SET collation_connection      = @saved_col_connection */;

--
-- Final view structure for view `mostrar_factura_compra`
--

/*!50001 DROP VIEW IF EXISTS `mostrar_factura_compra`*/;
/*!50001 SET @saved_cs_client          = @@character_set_client */;
/*!50001 SET @saved_cs_results         = @@character_set_results */;
/*!50001 SET @saved_col_connection     = @@collation_connection */;
/*!50001 SET character_set_client      = utf8mb4 */;
/*!50001 SET character_set_results     = utf8mb4 */;
/*!50001 SET collation_connection      = utf8mb4_0900_ai_ci */;
/*!50001 CREATE ALGORITHM=UNDEFINED */
/*!50013 DEFINER=`root`@`localhost` SQL SECURITY DEFINER */
/*!50001 VIEW `mostrar_factura_compra` AS select `factura_compra`.`idfactura_compra` AS `N°Factura`,`proveedor`.`nombre_pro` AS `Proveedor`,`usuario`.`nombre` AS `Usuario`,`factura_compra`.`tipo_pago` AS `Tipo_Pago`,`factura_compra`.`descuento` AS `Descuento`,`factura_compra`.`total_compra` AS `Total_Compra`,`factura_compra`.`comprobante` AS `N°_Comprobante`,`factura_compra`.`fecha_compra` AS `Fecha_Compra` from ((`factura_compra` join `proveedor` on((`proveedor`.`idproveedor` = `factura_compra`.`id_proveedor`))) join `usuario` on((`usuario`.`idusuario` = `factura_compra`.`id_usuario`))) */;
/*!50001 SET character_set_client      = @saved_cs_client */;
/*!50001 SET character_set_results     = @saved_cs_results */;
/*!50001 SET collation_connection      = @saved_col_connection */;

--
-- Final view structure for view `mostrar_producto`
--

/*!50001 DROP VIEW IF EXISTS `mostrar_producto`*/;
/*!50001 SET @saved_cs_client          = @@character_set_client */;
/*!50001 SET @saved_cs_results         = @@character_set_results */;
/*!50001 SET @saved_col_connection     = @@collation_connection */;
/*!50001 SET character_set_client      = utf8mb4 */;
/*!50001 SET character_set_results     = utf8mb4 */;
/*!50001 SET collation_connection      = utf8mb4_0900_ai_ci */;
/*!50001 CREATE ALGORITHM=UNDEFINED */
/*!50013 DEFINER=`root`@`localhost` SQL SECURITY DEFINER */
/*!50001 VIEW `mostrar_producto` AS select `producto`.`idproducto` AS `idproducto`,`producto`.`imagen` AS `imagen`,`producto`.`nombre` AS `nombre`,`producto`.`descripcion` AS `descripcion`,`producto`.`cantidad` AS `cantidad`,`producto`.`precio` AS `precio` from `producto` where (`producto`.`condicion` = '1') */;
/*!50001 SET character_set_client      = @saved_cs_client */;
/*!50001 SET character_set_results     = @saved_cs_results */;
/*!50001 SET collation_connection      = @saved_col_connection */;

--
-- Final view structure for view `mostrar_proveedor`
--

/*!50001 DROP VIEW IF EXISTS `mostrar_proveedor`*/;
/*!50001 SET @saved_cs_client          = @@character_set_client */;
/*!50001 SET @saved_cs_results         = @@character_set_results */;
/*!50001 SET @saved_col_connection     = @@collation_connection */;
/*!50001 SET character_set_client      = utf8mb4 */;
/*!50001 SET character_set_results     = utf8mb4 */;
/*!50001 SET collation_connection      = utf8mb4_0900_ai_ci */;
/*!50001 CREATE ALGORITHM=UNDEFINED */
/*!50013 DEFINER=`root`@`localhost` SQL SECURITY DEFINER */
/*!50001 VIEW `mostrar_proveedor` AS select `proveedor`.`idproveedor` AS `idproveedor`,`proveedor`.`tipo_docu_pro` AS `tipo_docu_pro`,`proveedor`.`nombre_pro` AS `nombre_pro`,`proveedor`.`telefono_pro` AS `telefono_pro`,`proveedor`.`correo` AS `correo`,`proveedor`.`direccion_pro` AS `direccion_pro`,`proveedor`.`tipo_persona` AS `tipo_persona`,`genero`.`nombre` AS `genero`,`proveedor`.`fecha_nacimiento` AS `fecha_nacimiento` from (`proveedor` join `genero` on((`genero`.`idgenero` = `proveedor`.`sexo_pro`))) where (`proveedor`.`condicion_pro` = '1') */;
/*!50001 SET character_set_client      = @saved_cs_client */;
/*!50001 SET character_set_results     = @saved_cs_results */;
/*!50001 SET collation_connection      = @saved_col_connection */;

--
-- Final view structure for view `mostrar_rol`
--

/*!50001 DROP VIEW IF EXISTS `mostrar_rol`*/;
/*!50001 SET @saved_cs_client          = @@character_set_client */;
/*!50001 SET @saved_cs_results         = @@character_set_results */;
/*!50001 SET @saved_col_connection     = @@collation_connection */;
/*!50001 SET character_set_client      = utf8mb4 */;
/*!50001 SET character_set_results     = utf8mb4 */;
/*!50001 SET collation_connection      = utf8mb4_0900_ai_ci */;
/*!50001 CREATE ALGORITHM=UNDEFINED */
/*!50013 DEFINER=`root`@`localhost` SQL SECURITY DEFINER */
/*!50001 VIEW `mostrar_rol` AS select `rol`.`idrol` AS `id`,`rol`.`nombre` AS `nombre` from `rol` where (`rol`.`condicion` = '1') */;
/*!50001 SET character_set_client      = @saved_cs_client */;
/*!50001 SET character_set_results     = @saved_cs_results */;
/*!50001 SET collation_connection      = @saved_col_connection */;

--
-- Final view structure for view `mostrar_sexo`
--

/*!50001 DROP VIEW IF EXISTS `mostrar_sexo`*/;
/*!50001 SET @saved_cs_client          = @@character_set_client */;
/*!50001 SET @saved_cs_results         = @@character_set_results */;
/*!50001 SET @saved_col_connection     = @@collation_connection */;
/*!50001 SET character_set_client      = utf8mb4 */;
/*!50001 SET character_set_results     = utf8mb4 */;
/*!50001 SET collation_connection      = utf8mb4_0900_ai_ci */;
/*!50001 CREATE ALGORITHM=UNDEFINED */
/*!50013 DEFINER=`root`@`localhost` SQL SECURITY DEFINER */
/*!50001 VIEW `mostrar_sexo` AS select `genero`.`idgenero` AS `id`,`genero`.`nombre` AS `nombre` from `genero` where (`genero`.`condicion` = '1') */;
/*!50001 SET character_set_client      = @saved_cs_client */;
/*!50001 SET character_set_results     = @saved_cs_results */;
/*!50001 SET collation_connection      = @saved_col_connection */;

--
-- Final view structure for view `mostrar_usuario`
--

/*!50001 DROP VIEW IF EXISTS `mostrar_usuario`*/;
/*!50001 SET @saved_cs_client          = @@character_set_client */;
/*!50001 SET @saved_cs_results         = @@character_set_results */;
/*!50001 SET @saved_col_connection     = @@collation_connection */;
/*!50001 SET character_set_client      = utf8mb4 */;
/*!50001 SET character_set_results     = utf8mb4 */;
/*!50001 SET collation_connection      = utf8mb4_0900_ai_ci */;
/*!50001 CREATE ALGORITHM=UNDEFINED */
/*!50013 DEFINER=`root`@`localhost` SQL SECURITY DEFINER */
/*!50001 VIEW `mostrar_usuario` AS select `usuario`.`idusuario` AS `idusuario`,`usuario`.`tipo_docusu` AS `tipo_docusu`,`usuario`.`nombre` AS `nombre`,`rol`.`nombre` AS `rango`,`usuario`.`telefono` AS `telefono`,`usuario`.`correo` AS `correo`,`genero`.`nombre` AS `genero`,`usuario`.`direccion` AS `direccion`,`usuario`.`fecha_nacimiento` AS `fecha_nacimiento` from ((`usuario` join `rol` on((`rol`.`idrol` = `usuario`.`rango`))) join `genero` on((`genero`.`idgenero` = `usuario`.`sexo`))) where (`usuario`.`condicion` = '1') */;
/*!50001 SET character_set_client      = @saved_cs_client */;
/*!50001 SET character_set_results     = @saved_cs_results */;
/*!50001 SET collation_connection      = @saved_col_connection */;
/*!40103 SET TIME_ZONE=@OLD_TIME_ZONE */;

/*!40101 SET SQL_MODE=@OLD_SQL_MODE */;
/*!40014 SET FOREIGN_KEY_CHECKS=@OLD_FOREIGN_KEY_CHECKS */;
/*!40014 SET UNIQUE_CHECKS=@OLD_UNIQUE_CHECKS */;
/*!40101 SET CHARACTER_SET_CLIENT=@OLD_CHARACTER_SET_CLIENT */;
/*!40101 SET CHARACTER_SET_RESULTS=@OLD_CHARACTER_SET_RESULTS */;
/*!40101 SET COLLATION_CONNECTION=@OLD_COLLATION_CONNECTION */;
/*!40111 SET SQL_NOTES=@OLD_SQL_NOTES */;

-- Dump completed on 2023-12-12 12:00:03
